class,group,reference_support,target_support,accepted_updates,static_f1,best_capspp_f1,delta_f1,static_recall,best_capspp_recall,delta_recall
0,other,1414,950,12,0.8807339449541285,0.043209876543209874,-0.8375240684109186,0.8589473684210527,0.022105263157894735,-0.8368421052631579
1,other,10792,3117,144,0.7320779649818302,0.13813635010419767,-0.5939416148776325,0.7109400064164261,0.07443054218800128,-0.6365094642284248
2,other,7583,3678,526,0.47664695084642056,0.2036602534021586,-0.27298669744426196,0.6353996737357259,0.1769983686786297,-0.4584013050570962
3,other,1593,743,221,0.9085173501577287,0.5513928914505284,-0.35712445870720033,0.9690444145356663,0.38627187079407804,-0.5827725437415883
4,other,3737,869,348,0.7423423423423423,0.7267483777937995,-0.015593964548542782,0.9482163406214039,0.5799769850402762,-0.36823935558112775
5,bad,2093,1080,53,0.4354605833092694,0.03735144312393888,-0.3981091401853305,0.6981481481481482,0.020370370370370372,-0.6777777777777778
6,bad,2729,1684,7,0.44360902255639095,0.030303030303030304,-0.4133059922533606,0.3503562945368171,0.015439429928741092,-0.334916864608076
7,other,36,33,0,0.125,0.0,-0.125,0.21212121212121213,0.0,-0.21212121212121213
8,stable,1574,1142,49,0.8680459770114942,0.10132890365448505,-0.7667170733570092,0.8266199649737302,0.053415061295971976,-0.7732049036777583
9,other,1547,910,1,0.23937007874015748,0.05925925925925926,-0.18011081948089822,0.16703296703296702,0.03076923076923077,-0.13626373626373625
10,bad,2020,1004,0,0.16184971098265896,0.003976143141153081,-0.15787356784150589,0.09760956175298804,0.00199203187250996,-0.09561752988047809
11,bad,1685,1749,2,0.22343522561863174,0.015712682379349047,-0.2077225432392827,0.1755288736420812,0.008004574042309892,-0.1675242995997713
12,bad,2788,263,0,0.23184357541899442,0.09655172413793103,-0.13529185128106339,0.3155893536121673,0.053231939163498096,-0.26235741444866917
13,other,2093,1090,8,0.3990514905149051,0.14416961130742048,-0.2548818792074846,0.5403669724770642,0.09357798165137615,-0.44678899082568807
14,bad,10401,5821,1732,0.2579329472224488,0.10549956178790534,-0.15243338543454346,0.271602817385329,0.16543549218347364,-0.10616732520185534
15,stable,751,715,9,0.8106551475881929,0.08288770053475936,-0.7277674470534335,0.7874125874125875,0.043356643356643354,-0.7440559440559441
16,other,2008,1186,11,0.22592791823561054,0.06759735488611315,-0.15833056334949738,0.17706576728499157,0.0387858347386172,-0.13827993254637438
17,other,10007,8301,692,0.8305555555555556,0.2576320132013201,-0.5729235423542355,0.9004939163956149,0.15046379954222383,-0.7500301168533912
18,other,21926,25658,2783,0.8718385454833535,0.23519093239778707,-0.6366476130855664,0.857822121755398,0.13586405799360823,-0.7219580637617897
19,other,13185,22936,835,0.6062648892493284,0.12184925112635467,-0.4844156381229737,0.521494593651901,0.06544297174747123,-0.45605162190442977
20,other,1281,1125,12,0.5622798591098302,0.08903544929925804,-0.4732444098105722,0.7804444444444445,0.048,-0.7324444444444445
21,other,2620,2095,26,0.828643216080402,0.03653395784543326,-0.7921092582349688,0.7871121718377089,0.018615751789976133,-0.7684964200477328
22,other,4636,743,9,0.6884236453201971,0.047182175622542594,-0.6412414696976545,0.7523553162853297,0.024226110363391656,-0.7281292059219381
23,other,12840,5114,363,0.8492664236987197,0.20400348128807658,-0.6452629424106432,0.8885412592882284,0.11458740711771608,-0.7739538521705123
24,other,10253,4154,17,0.5630001569119724,0.022835394862036156,-0.5401647620499362,0.43187289359653347,0.011555127587867116,-0.4203177660086663
25,other,54557,34385,2515,0.8588748146952195,0.21181876196553925,-0.6470560527296803,0.8508942852988222,0.1206630798313218,-0.7302312054675004
26,bad,2293,807,0,0.024539877300613498,0.0024449877750611247,-0.022094889525552372,0.022304832713754646,0.0012391573729863693,-0.021065675340768277
27,other,19386,7371,68,0.9089068825910931,0.041959899083787014,-0.866946983507306,0.8528015194681862,0.021435354768688103,-0.8313661646994981
28,bad,16366,5815,473,0.3217811384162991,0.0873717998903938,-0.2344093385259053,0.26345657781599313,0.09595872742906277,-0.16749785038693038
29,other,29653,30274,588,0.8087042946068944,0.11661395805827628,-0.6920903365486182,0.7660038316707406,0.06272709255466737,-0.7032767391160732
30,other,8131,645,0,0.8975206611570248,0.02450229709035222,-0.8730183640666725,0.8418604651162791,0.012403100775193798,-0.8294573643410853
31,other,7973,952,98,0.8941747572815534,0.24680073126142596,-0.6473740260201274,0.967436974789916,0.14180672268907563,-0.8256302521008403
32,other,2331,998,0,0.3008015087223008,0.03486238532110092,-0.2659391234011999,0.3196392785571142,0.01903807615230461,-0.3006012024048096
33,other,204,630,0,0.6793206793206793,0.0,-0.6793206793206793,0.5396825396825397,0.0,-0.5396825396825397
34,other,588,1240,0,0.5924453280318092,0.01596169193934557,-0.5764836360924636,0.4806451612903226,0.008064516129032258,-0.47258064516129034
35,other,875,930,22,0.7747972551466001,0.06451612903225806,-0.710281126114342,0.667741935483871,0.03333333333333333,-0.6344086021505376
36,other,826,216,1,0.3619047619047619,0.009174311926605505,-0.3527304499781564,0.2638888888888889,0.004629629629629629,-0.25925925925925924
37,other,1989,866,24,0.9060773480662984,0.06263982102908278,-0.8434375270372156,0.8521939953810623,0.03233256351039261,-0.8198614318706697
38,bad,77,193,0,0.08968609865470852,0.0,-0.08968609865470852,0.05181347150259067,0.0,-0.05181347150259067
39,other,4388,4483,389,0.9025587467362924,0.21727904667328699,-0.6852797000630054,0.9638634842739238,0.12201650680347981,-0.841846977470444
40,other,2334,737,104,0.6259808195292066,0.2995391705069124,-0.32644164902229417,0.4871099050203528,0.17639077340569878,-0.31071913161465403
41,other,2121,1636,17,0.6569659442724458,0.08139534883720931,-0.5755705954352365,0.6485330073349633,0.042787286063569685,-0.6057457212713937
42,other,1839,1444,0,0.40711462450592883,0.008270158511371467,-0.39884446599455736,0.2853185595567867,0.004155124653739612,-0.28116343490304707
43,other,2042,1992,12,0.7986024457199901,0.062135922330097085,-0.7364665233898929,0.8032128514056225,0.0321285140562249,-0.7710843373493976
44,stable,2910,1181,29,0.9479717813051146,0.07026143790849673,-0.8777103433966179,0.9102455546147333,0.03640982218458933,-0.873835732430144
45,other,2192,1463,0,0.788781163434903,0.40736728060671723,-0.3814138828281858,0.7785372522214627,0.25700615174299385,-0.5215311004784688
46,other,9798,7420,586,0.6391033964327205,0.22338568935427575,-0.4157177070784448,0.630188679245283,0.1293800539083558,-0.5008086253369272
47,bad,3839,618,0,0.0,0.0,0.0,0.0,0.0,0.0
48,bad,5001,3361,0,0.0017709563164108619,0.0,-0.0017709563164108619,0.0008925914906277894,0.0,-0.0008925914906277894
49,other,40220,31563,898,0.8421558075999669,0.10171421721409733,-0.7404415903858695,0.8057218895542249,0.053765484903209454,-0.7519564046510154
50,other,4546,1528,0,0.186155285313377,0.005164622336991607,-0.18099066297638539,0.13023560209424084,0.002617801047120419,-0.12761780104712042
51,other,21842,11645,1893,0.8603878116343491,0.4485887096774194,-0.4117991019569297,0.9335337054529841,0.30571060541004724,-0.6278231000429368
52,other,2301,1274,9,0.6664053312426499,0.04271548436308162,-0.6236898468795683,0.6671899529042387,0.02197802197802198,-0.6452119309262166
53,other,9775,5505,1203,0.8221734357848518,0.39417309340188517,-0.42800034238296664,0.8163487738419618,0.2924613987284287,-0.5238873751135331
54,other,6663,5063,0,0.3268134914523333,0.005120126033871603,-0.3216933654184617,0.20955954967410625,0.002567647639739285,-0.20699190203436696
55,other,8193,4063,1,0.6650446066504461,0.0044204322200392925,-0.6606241744304068,0.5045532857494462,0.002215111986217081,-0.5023381737632292
56,bad,10094,12137,0,0.0007871536523929471,0.0,-0.0007871536523929471,0.00041196341764851283,0.0,-0.00041196341764851283
57,stable,3065,2331,827,0.9740064446831365,0.5607649599012955,-0.413241484781841,0.9725439725439725,0.38996138996138996,-0.5825825825825826
58,other,2286,15,0,0.0,0.0,0.0,0.0,0.0,0.0
59,stable,13724,6030,5660,0.9851931507982463,0.9724067450178845,-0.012786405780361831,0.9875621890547264,0.9467661691542288,-0.04079601990049753
60,other,49622,24845,2289,0.8670687575392039,0.39438055493612817,-0.4726882026030757,0.8679412356610988,0.24914469712215737,-0.6187965385389415
61,other,19676,10494,992,0.6124639431139733,0.3168186021931563,-0.29564534092081707,0.870020964360587,0.22851153039832284,-0.6415094339622641
62,stable,15549,11221,6982,0.9274218038262982,0.8531683168316831,-0.07425348699461509,0.9525888958203369,0.767935121646912,-0.18465377417342488
63,other,11152,5492,250,0.6012027349864074,0.19643972517176764,-0.40476300981463975,0.66442097596504,0.11453022578295703,-0.549890750182083
64,stable,2437,1215,38,0.7903039630627164,0.1951219512195122,-0.5951820118432043,0.8452674897119341,0.10864197530864197,-0.7366255144032922
65,other,3145,2112,10,0.927449168207024,0.01223529411764706,-0.915213874089377,0.9502840909090909,0.00615530303030303,-0.944128787878788
66,bad,5149,1955,2,0.001658374792703151,0.0,-0.001658374792703151,0.0010230179028132991,0.0,-0.0010230179028132991
67,other,854,1191,0,0.1558219178082192,0.014574898785425101,-0.1412470190227941,0.1528127623845508,0.007556675062972292,-0.14525608732157852
68,other,7271,2499,135,0.7406663318265528,0.15918653576437589,-0.5814797960621769,0.8851540616246498,0.09083633453381353,-0.7943177270908363
69,bad,879,1866,0,0.008430913348946136,0.0,-0.008430913348946136,0.00482315112540193,0.0,-0.00482315112540193
70,other,2642,908,6,0.36075949367088606,0.02176278563656148,-0.3389967080343246,0.2511013215859031,0.011013215859030838,-0.24008810572687225
71,other,149408,39434,31577,0.7009773624831083,0.4386416259325958,-0.26233573655051245,0.8484556474108638,0.562078409494345,-0.2863772379165188
72,other,17880,5765,88,0.49422234981698127,0.06515301085883514,-0.42906933895814614,0.5972246313963573,0.03434518647007806,-0.5628794449262793
73,other,29211,8821,126,0.8796707462363262,0.04102905300510091,-0.8386416932312253,0.9207572837546764,0.020972678834599252,-0.8997846049200771
74,other,9210,2294,24,0.5352180162913273,0.05236907730673317,-0.4828489389845941,0.486922406277245,0.02746294681778553,-0.45945945945945943
75,other,28060,6807,25,0.4022364217252396,0.023867721063982748,-0.37836870066125683,0.36991332451887765,0.012193330395181431,-0.3577199941236962
76,stable,10523,2683,1230,0.8810229799851742,0.726027397260274,-0.15499558272490022,0.8859485650391353,0.5728661945583302,-0.3130823704808051
77,other,81932,17960,1968,0.7427868015732428,0.32373307458210204,-0.4190537269911408,0.6887527839643652,0.20434298440979956,-0.48440979955456565
78,other,48009,10246,291,0.748072353426119,0.0777477393493055,-0.6703246140768135,0.7527815732968963,0.040698809291430806,-0.7120827640054656
79,other,25102,7528,124,0.7017907355335208,0.09866934471503891,-0.6031213908184818,0.6299149840595112,0.05220510095642933,-0.5777098831030818
80,other,6096,1055,0,0.31480241125251174,0.01125703564727955,-0.3035453756052322,0.22274881516587677,0.005687203791469194,-0.21706161137440758
81,other,7217,2122,49,0.9364595545134818,0.05850091407678245,-0.8779586404366994,0.9410933081998115,0.030160226201696512,-0.910933081998115
82,other,79609,27579,1449,0.7796960806439479,0.19308060130637247,-0.5866154793375754,0.7516226114072302,0.11200551143986366,-0.6396170999673665
83,other,24502,19531,2196,0.91312422616591,0.29325789721829326,-0.6198663289476167,0.9062516000204802,0.1751574420152578,-0.7310941580052224
84,other,2397,1057,61,0.8721951219512195,0.17743324720068906,-0.6947618747505304,0.8457899716177862,0.09744560075685904,-0.7483443708609272
85,other,2080,350,41,0.7124087591240876,0.2863961813842482,-0.4260125777398394,0.6971428571428572,0.17142857142857143,-0.5257142857142858
86,other,27759,20232,3252,0.8040145527537322,0.5286322922607266,-0.2753822604930056,0.7919137999209174,0.38943258204824044,-0.40248121787267693
87,other,11231,5056,1242,0.9071502786436195,0.4574966027479994,-0.4496536758956201,0.9497626582278481,0.29964398734177217,-0.650118670886076
88,other,204,83,0,0.21052631578947367,0.0449438202247191,-0.16558249556475457,0.5301204819277109,0.024096385542168676,-0.5060240963855422
89,other,486,377,4,0.7072599531615925,0.041237113402061855,-0.6660228397595307,0.8010610079575596,0.021220159151193633,-0.779840848806366
90,other,7635,4080,635,0.8953821473587716,0.41646027814821873,-0.4789218692105529,0.9575980392156863,0.2678921568627451,-0.6897058823529412
91,other,4262,2334,359,0.8252314814814815,0.4459907223326706,-0.3792407591488109,0.916452442159383,0.28834618680377033,-0.6281062553556127
92,other,2288,896,40,0.8409090909090909,0.15195071868583163,-0.6889583722232593,0.7845982142857143,0.08258928571428571,-0.7020089285714286
93,other,34812,18804,5741,0.7622616498419497,0.3311811023622047,-0.43108054747974495,0.7950967879174644,0.33551372048500316,-0.45958306743246125
94,stable,633,760,1,0.6138032305433186,0.025806451612903226,-0.5879967789304155,0.55,0.013157894736842105,-0.5368421052631579
95,other,50223,3282,86,0.9211843799170362,0.11674259681093394,-0.8044417831061023,0.9811090798293723,0.06246191346739793,-0.9186471663619744
96,other,55119,44573,3614,0.692832374347445,0.21455807865232485,-0.4782742956951202,0.6118726583357638,0.12687052700065063,-0.48500213133511316
97,other,41580,18214,2589,0.7774216721003481,0.3085955416934226,-0.46882613040692545,0.7724278027890633,0.18469309322499178,-0.5877347095640715
98,stable,63298,48912,43185,0.9950280312640668,0.9492176600631023,-0.04581037120096454,0.9942549885508669,0.9041748446189074,-0.09008014393195951
99,stable,23955,18452,14137,0.8910004668662291,0.8691112264525387,-0.021889240413690447,0.8791458920442229,0.7713526988944288,-0.10779319314979408
100,other,30504,17278,4438,0.7223809246196,0.4547976573164825,-0.26758326730311754,0.7171547632827874,0.2988771848593587,-0.41827757842342866
101,other,60629,42403,327,0.7117749402848633,0.0743244776187127,-0.6374504626661506,0.5692285923165814,0.03862934226351909,-0.5305992500530623
102,other,79891,35717,729,0.8913159504810008,0.07067252013251098,-0.8206434303484897,0.9585071534563373,0.03673320827617101,-0.9217739451801663
103,other,1787,1446,2,0.43172147001934236,0.020435967302452316,-0.41128550271689,0.38589211618257263,0.01037344398340249,-0.3755186721991701
104,bad,3363,1744,1,0.016456921587608905,0.0,-0.016456921587608905,0.00974770642201835,0.0,-0.00974770642201835
105,other,4895,3159,331,0.3440140283755779,0.14013879561226775,-0.20387523276331013,0.34156378600823045,0.09908198797087686,-0.2424817980373536
106,other,3993,1622,9,0.9295261239368166,0.05165165165165165,-0.8778744722851649,0.9432799013563502,0.02651048088779285,-0.9167694204685574
107,stable,3873,2555,1010,0.9622496147919877,0.6373567812416733,-0.3248928335503144,0.9776908023483366,0.4681017612524462,-0.5095890410958904
108,other,11663,3529,380,0.8786482334869432,0.29281108192022925,-0.585837151566714,0.8914706715783508,0.17370359875318786,-0.7177670728251629
109,bad,1867,393,0,0.0,0.0,0.0,0.0,0.0,0.0
110,other,9808,5670,160,0.8196861139542818,0.13459653707938582,-0.685089576874896,0.8474426807760141,0.07266313932980599,-0.7747795414462082
111,other,2817,1136,25,0.26626323751891073,0.09256449165402124,-0.17369874586488948,0.30985915492957744,0.05369718309859155,-0.2561619718309859
112,other,3822,1083,6,0.5887618100447538,0.10928013876843018,-0.47948167127632363,0.5466297322253001,0.05817174515235457,-0.4884579870729455
113,stable,5042,3574,1341,0.977462792345854,0.6519690974185038,-0.32549369492735014,0.9647453833240067,0.4840514829322888,-0.48069390039171794
114,other,3329,911,9,0.8335035750766088,0.032397408207343416,-0.8011061668692654,0.8957189901207464,0.01646542261251372,-0.8792535675082327
115,other,22978,15934,659,0.8206401218018734,0.16963064295485636,-0.6510094788470171,0.7780218400903728,0.0933852140077821,-0.6846366260825907
116,other,4023,3278,75,0.7903034412612308,0.10498990481684453,-0.6853135364443862,0.711104331909701,0.05552165954850519,-0.6555826723611958
117,other,84936,58860,452132,0.6539879219318951,0.13231436334101115,-0.521673558590884,0.7460584437648657,0.8642031940197078,0.11814475025484206
118,bad,3760,2577,56,0.4359987838248708,0.07677972418934029,-0.35921905963553047,0.5564610011641443,0.039968956150562666,-0.5164920450135817
119,stable,2846,1033,75,0.8846153846153846,0.22049956933677864,-0.664115815278606,0.8683446272991288,0.12391093901258471,-0.7444336882865441
120,other,2918,1133,42,0.8361683079677709,0.10734929810074319,-0.7288190098670276,0.824360105913504,0.05736981465136805,-0.7669902912621359
121,other,2543,16,0,0.0,0.0,0.0,0.0,0.0,0.0
122,other,61426,40149,138506,0.824817424891606,0.1488798676890693,-0.6759375572025368,0.8031333283518892,0.4932625968268201,-0.3098707315250691
123,other,3393,1458,0,0.4490566037735849,0.05333333333333334,-0.3957232704402516,0.32647462277091904,0.027434842249657063,-0.29903978052126196
124,other,30492,18817,1414,0.8551867440993127,0.2753899165759884,-0.5797968275233243,0.8530052611999788,0.16139660944890258,-0.6916086517510762
125,other,3522,2268,101,0.6736076681540242,0.13520906604142244,-0.5383986021126017,0.8985890652557319,0.07627865961199294,-0.8223104056437389
126,other,2112,2588,105,0.8720262510254306,0.16312056737588654,-0.7089056836495441,0.821483771251932,0.08887171561051005,-0.732612055641422
127,other,3002,4058,78,0.7258826800111203,0.06774040738986263,-0.6581422726212577,0.6434204041399705,0.03523903400689995,-0.6081813701330705
128,stable,2342,3721,589,0.9304743339831059,0.3552515445719329,-0.575222789411173,0.9621069604944907,0.21633969363074443,-0.7457672668637463
129,other,44177,18631,1817,0.6718027734976888,0.2604143160175114,-0.4113884574801774,0.5850464279963502,0.15484944447426333,-0.4301969835220869
130,stable,7092,4618,2157,0.8315680166147456,0.716368864243171,-0.11519915237157452,0.8670420095279342,0.7553053269813772,-0.111736682546557
131,stable,30533,17194,2145,0.906423586383706,0.3236058942502167,-0.5828176921334893,0.9253227870187275,0.19541700593230196,-0.7299057810864256
132,stable,23157,13419,5164,0.9021133745326925,0.597843637689463,-0.30426973684322944,0.8811386839555854,0.4276771741560474,-0.453461509799538
133,other,54110,34000,1678,0.8244967750858091,0.19671877018473066,-0.6277780049010784,0.9643823529411765,0.11197058823529411,-0.8524117647058823
134,other,10738,5543,1134,0.9474777191312624,0.5604256397263745,-0.38705207940488795,0.9877322749413675,0.39906187984845753,-0.58867039509291
135,other,3069,1872,48,0.477059925093633,0.12322274881516587,-0.3538371762784671,0.5443376068376068,0.06944444444444445,-0.47489316239316237
136,other,22342,12861,509,0.7803508232035697,0.20910090734121528,-0.5712499158623545,0.7886634009797061,0.11826452064380685,-0.6703988803358992
137,other,4089,1286,0,0.5800631483987371,0.0688622754491018,-0.5112008729496352,0.5,0.03576982892690513,-0.4642301710730949
138,other,43631,12776,73,0.6155363306288941,0.20474457474053107,-0.41079175588836303,0.5374139010644959,0.11889480275516594,-0.41851909830933
139,bad,2846,973,7,0.16774193548387098,0.03906976744186046,-0.1286721680420105,0.1736896197327852,0.02158273381294964,-0.15210688591983557
140,other,71932,21276,2952,0.7487365493894329,0.4421909445480753,-0.3065456048413576,0.7276743748824968,0.30640157924421885,-0.4212727956382779
141,other,2022,1226,10,0.6573913043478261,0.0583596214511041,-0.599031682896722,0.6166394779771615,0.030179445350734094,-0.5864600326264273
142,other,62604,15948,806,0.6765168539325843,0.29716619862139393,-0.3793506553111904,0.755079006772009,0.18246802106847254,-0.5726109857035364
143,other,4384,3052,136,0.4037700282752121,0.0799423838674829,-0.32382764440772915,0.35091743119266056,0.10910878112712975,-0.24180865006553082
144,stable,3642,2267,1780,0.981722087645893,0.8857213074465471,-0.09600078019934588,0.9832377591530658,0.7948831054256726,-0.18835465372739313
145,stable,2224,1149,47,0.9943305713039686,0.08180300500834725,-0.9125275662956214,0.9921671018276762,0.04264577893820714,-0.9495213228894691
146,other,4793,4680,150,0.8806497175141242,0.1252973830293418,-0.7553523344847825,0.7993589743589744,0.06752136752136752,-0.7318376068376069
147,other,2203,2730,0,0.7240915208613729,0.0,-0.7240915208613729,0.5912087912087912,0.0,-0.5912087912087912
148,other,6812,3728,89,0.8069948186528497,0.10382375284882249,-0.7031710658040272,0.835568669527897,0.054989270386266095,-0.7805793991416309
149,other,74194,29896,1192,0.6411142367906066,0.23822714681440443,-0.4028870899762022,0.7013312817768264,0.16972170189991972,-0.5316095798769066
150,other,2305,1291,115,0.7224264705882353,0.227553118574366,-0.4948733520138693,0.6088303640588691,0.12858249419054996,-0.4802478698683192
151,other,2021,872,41,0.6416593115622242,0.2033563672260612,-0.438302944336163,0.8337155963302753,0.11811926605504587,-0.7155963302752294
152,other,1673,729,8,0.7201946472019465,0.061170212765957445,-0.659024434435989,0.6090534979423868,0.03155006858710562,-0.5775034293552812
153,other,70973,59235,2848,0.810052304817457,0.2702238204148544,-0.5398284844026027,0.7830505613235418,0.17253313075040094,-0.6105174305731409
154,other,2978,1862,27,0.5724725943970768,0.12312166747455162,-0.44935092692252515,0.5048335123523093,0.0682062298603652,-0.43662728249194416
155,other,11183,5650,170,0.592071311283134,0.23734729493891799,-0.35472401634421596,0.6700884955752212,0.2407079646017699,-0.4293805309734513
156,other,32897,11350,2646,0.7414931064828395,0.4565665329140007,-0.2849265735688388,0.8908370044052863,0.37092511013215856,-0.5199118942731278
157,other,2075,800,20,0.49772036474164133,0.06514657980456026,-0.4325737849370811,0.81875,0.0375,-0.78125
158,other,12544,5549,851,0.7169658084950865,0.42278481012658226,-0.29418099836850425,0.795458641196612,0.3009551270499189,-0.49450351414669313
159,other,3182,1740,2,0.4109681787406906,0.022535211267605635,-0.3884329674730849,0.3488505747126437,0.011494252873563218,-0.3373563218390805
160,other,1553,1048,31,0.47699004975124376,0.1469387755102041,-0.33005127424103964,0.7318702290076335,0.08587786259541985,-0.6459923664122137
161,other,3031,334,11,0.8110918544194108,0.10227272727272728,-0.7088191271466835,0.7005988023952096,0.05389221556886228,-0.6467065868263473
162,other,486,59,0,0.4114285714285714,0.06451612903225806,-0.34691244239631336,0.6101694915254238,0.03389830508474576,-0.576271186440678
163,other,3156,1741,0,0.025738798856053385,0.0011396011396011395,-0.024599197716452244,0.015508328546812177,0.0005743825387708214,-0.014933946008041356
164,bad,3315,1689,17,0.26493144317917733,0.033846153846153845,-0.23108528933302347,0.6749555950266429,0.019538188277087035,-0.6554174067495558
165,other,5176,4989,183,0.6357827476038339,0.08037209302325582,-0.5554106545805781,0.7578673080777711,0.04329524954900782,-0.7145720585287634
166,other,2317,1835,10,0.5669914738124239,0.03615098351940457,-0.5308404902930193,0.5073569482288829,0.018528610354223433,-0.48882833787465946
167,other,668,55,0,0.11009174311926606,0.0,-0.11009174311926606,0.21818181818181817,0.0,-0.21818181818181817
168,other,3924,4221,57,0.786809103576405,0.06567844925883694,-0.7211306543175681,0.802653399668325,0.03411513859275053,-0.7685382610755745
169,other,2891,1502,13,0.8663845223700121,0.18870192307692307,-0.677682599293089,0.9540612516644474,0.10452729693741677,-0.8495339547270306
170,other,3774,1916,491,0.5357881671493587,0.459391771019678,-0.07639639612968074,0.6758872651356994,0.33507306889352817,-0.34081419624217124
171,other,7082,4142,169,0.6049676760802994,0.28757653565079994,-0.3173911404294995,0.6438918396909705,0.17576050217286335,-0.4681313375181072
172,other,7688,5558,14,0.700560603131645,0.0960559796437659,-0.6045046234878791,0.6520331054336093,0.05433609211946743,-0.5976970133141418
173,other,4960,978,8,0.7655384615384615,0.024242424242424242,-0.7412960372960372,0.6359918200408998,0.012269938650306749,-0.623721881390593
174,bad,4246,1507,0,0.0,0.0,0.0,0.0,0.0,0.0
175,other,50628,22084,1081,0.6193302157820789,0.20629743043536147,-0.41303278534671745,0.66867415323311,0.14032783915957253,-0.5283463140735374
176,other,4309,2085,170,0.4603281636322769,0.260036832412523,-0.2002913312197539,0.49112709832134294,0.16930455635491606,-0.3218225419664269
177,other,1540,1117,6,0.5517023959646911,0.02099737532808399,-0.5307050206366071,0.7833482542524619,0.010743061772605193,-0.7726051924798567
