period,class_id,support,precision,recall,f1,delta_f1_from_ref,delta_recall_from_ref,delta_precision_from_ref
M-2022-4,0,1414,0.9046951646811493,0.9130127298444131,0.908834917282647,0.0,0.0,0.0
M-2022-4,1,10792,0.961175136973361,0.9428280207561156,0.9519131817756572,0.0,0.0,0.0
M-2022-4,2,7583,0.7204069934078533,0.6629302386918107,0.6904745553190028,0.0,0.0,0.0
M-2022-4,3,1593,0.9379267535692116,0.9485247959824231,0.9431960049937578,0.0,0.0,0.0
M-2022-4,4,3737,0.9523684899241036,0.9737757559539738,0.9629531622122255,0.0,0.0,0.0
M-2022-4,5,2093,0.9365671641791045,0.9593884376493073,0.9478404531508142,0.0,0.0,0.0
M-2022-4,6,2729,0.9723736822973464,0.9802125320630267,0.9762773722627737,0.0,0.0,0.0
M-2022-4,7,36,0.6857142857142857,0.6666666666666666,0.676056338028169,0.0,0.0,0.0
M-2022-4,8,1574,0.9174122505161735,0.8468869123252859,0.8807400066072019,0.0,0.0,0.0
M-2022-4,9,1547,0.7186311787072244,0.6108597285067874,0.660377358490566,0.0,0.0,0.0
M-2022-4,10,2020,0.836901121304791,0.8128712871287128,0.8247112004018081,0.0,0.0,0.0
M-2022-4,11,1685,0.7974530018192845,0.7804154302670623,0.7888422315536893,0.0,0.0,0.0
M-2022-4,12,2788,0.8371592539454806,0.8371592539454806,0.8371592539454806,0.0,0.0,0.0
M-2022-4,13,2093,0.48784911135291986,0.6426182513139035,0.554639175257732,0.0,0.0,0.0
M-2022-4,14,10401,0.8183999165536664,0.7543505432169983,0.7850710426255754,0.0,0.0,0.0
M-2022-4,15,751,0.8964968152866242,0.7496671105193076,0.8165337200870196,0.0,0.0,0.0
M-2022-4,16,2008,0.7660818713450293,0.39143426294820716,0.5181278839815425,0.0,0.0,0.0
M-2022-4,17,10007,0.941901776384535,0.9007694613770361,0.9208765387955253,0.0,0.0,0.0
M-2022-4,18,21926,0.9364035087719298,0.9153060293715224,0.9257345818534065,0.0,0.0,0.0
M-2022-4,19,13185,0.9039080459770115,0.8946530147895335,0.8992567181246427,0.0,0.0,0.0
M-2022-4,20,1281,0.8068763716166789,0.8610460577673692,0.8330815709969789,0.0,0.0,0.0
M-2022-4,21,2620,0.8953571428571429,0.9568702290076336,0.9250922509225092,0.0,0.0,0.0
M-2022-4,22,4636,0.9413495900777801,0.9659188955996548,0.9534759927605664,0.0,0.0,0.0
M-2022-4,23,12840,0.9380874698982367,0.9404984423676013,0.9392914090148952,0.0,0.0,0.0
M-2022-4,24,10253,0.9463597842835131,0.9584511850190188,0.9523671076222319,0.0,0.0,0.0
M-2022-4,25,54557,0.9076298158926656,0.9460930769653757,0.926462405542692,0.0,0.0,0.0
M-2022-4,26,2293,0.8358762886597938,0.8839947666812037,0.8592623993217465,0.0,0.0,0.0
M-2022-4,27,19386,0.9931397328106463,0.993190962550294,0.9931653470198334,0.0,0.0,0.0
M-2022-4,28,16366,0.8664544034602908,0.8812782598069168,0.8738034654065189,0.0,0.0,0.0
M-2022-4,29,29653,0.8945477529024317,0.9068559673557481,0.9006598117694343,0.0,0.0,0.0
M-2022-4,30,8131,0.9870546171865368,0.9846267371786988,0.9858391823667036,0.0,0.0,0.0
M-2022-4,31,7973,0.9801248566696394,0.9648814749780509,0.9724434331942864,0.0,0.0,0.0
M-2022-4,32,2331,0.7264243614931237,0.6344916344916345,0.6773528738264255,0.0,0.0,0.0
M-2022-4,33,204,0.6695652173913044,0.37745098039215685,0.4827586206896552,0.0,0.0,0.0
M-2022-4,34,588,0.9286926994906621,0.9302721088435374,0.929481733220051,0.0,0.0,0.0
M-2022-4,35,875,0.9256505576208178,0.8537142857142858,0.8882282996432818,0.0,0.0,0.0
M-2022-4,36,826,0.6140939597315436,0.8861985472154964,0.7254707631318137,0.0,0.0,0.0
M-2022-4,37,1989,0.9842342342342343,0.6591251885369532,0.7895212285456188,0.0,0.0,0.0
M-2022-4,38,77,0.896551724137931,0.6753246753246753,0.7703703703703704,0.0,0.0,0.0
M-2022-4,39,4388,0.9324294287619471,0.9560164083865087,0.9440756160684145,0.0,0.0,0.0
M-2022-4,40,2334,0.9781520254893036,0.9207369323050557,0.9485764731847275,0.0,0.0,0.0
M-2022-4,41,2121,0.882439744220364,0.8458274398868458,0.8637457871930669,0.0,0.0,0.0
M-2022-4,42,1839,0.8788235294117647,0.8123980424143556,0.8443063012150325,0.0,0.0,0.0
M-2022-4,43,2042,0.9056271981242673,0.7566111655239961,0.8244397011739595,0.0,0.0,0.0
M-2022-4,44,2910,0.9837685250529288,0.9580756013745705,0.9707520891364902,0.0,0.0,0.0
M-2022-4,45,2192,0.9301895515487748,0.9178832116788321,0.9239954075774971,0.0,0.0,0.0
M-2022-4,46,9798,0.7530023640661938,0.8127168809961216,0.781720905119521,0.0,0.0,0.0
M-2022-4,47,3839,0.9935965848452508,0.9700442823651992,0.9816791880848821,0.0,0.0,0.0
M-2022-4,48,5001,0.984362628661916,0.9944011197760448,0.9893564110215856,0.0,0.0,0.0
M-2022-4,49,40220,0.9390109338950747,0.9309796121332671,0.9349780263683579,0.0,0.0,0.0
M-2022-4,50,4546,0.8361119849009122,0.5846898372195336,0.6881553398058252,0.0,0.0,0.0
M-2022-4,51,21842,0.9240107913669064,0.94084790770076,0.932353341499932,0.0,0.0,0.0
M-2022-4,52,2301,0.9203581526861452,0.848761408083442,0.8831110106262717,0.0,0.0,0.0
M-2022-4,53,9775,0.9409687184661958,0.9539641943734015,0.9474218948437897,0.0,0.0,0.0
M-2022-4,54,6663,0.8391951837769328,0.794987242983641,0.8164932562620424,0.0,0.0,0.0
M-2022-4,55,8193,0.9863245794505627,0.9947516172342243,0.9905201750121536,0.0,0.0,0.0
M-2022-4,56,10094,0.9687625957275292,0.9524469982167625,0.9605355180337696,0.0,0.0,0.0
M-2022-4,57,3065,0.9896204995134609,0.9954323001631321,0.9925178919973975,0.0,0.0,0.0
M-2022-4,58,2286,0.9921156373193167,0.9908136482939632,0.9914642153644123,0.0,0.0,0.0
M-2022-4,59,13724,0.9954979430256927,0.9344943165257942,0.9640320216484384,0.0,0.0,0.0
M-2022-4,60,49622,0.9132309186957314,0.9092741122889041,0.9112482202183199,0.0,0.0,0.0
M-2022-4,61,19676,0.7113746958637469,0.8321305143321813,0.7670289515600113,0.0,0.0,0.0
M-2022-4,62,15549,0.9463302752293578,0.9287413981606534,0.9374533415560388,0.0,0.0,0.0
M-2022-4,63,11152,0.8243564784771793,0.6834648493543759,0.7473281694283753,0.0,0.0,0.0
M-2022-4,64,2437,0.8236046016190882,0.7931883463274518,0.8081103678929766,0.0,0.0,0.0
M-2022-4,65,3145,0.9563454942313688,0.9751987281399046,0.9656801007556675,0.0,0.0,0.0
M-2022-4,66,5149,0.8769202295021284,0.9201786754709652,0.8980288097043214,0.0,0.0,0.0
M-2022-4,67,854,0.5711743772241993,0.3758782201405152,0.4533898305084746,0.0,0.0,0.0
M-2022-4,68,7271,0.7754048017867113,0.7639939485627837,0.7696570834776585,0.0,0.0,0.0
M-2022-4,69,879,0.8545454545454545,0.8020477815699659,0.8274647887323944,0.0,0.0,0.0
M-2022-4,70,2642,0.845489443378119,0.6669190007570023,0.7456622936944562,0.0,0.0,0.0
M-2022-4,71,149408,0.898879971897968,0.8906015742128935,0.8947216245293168,0.0,0.0,0.0
M-2022-4,72,17880,0.8352322017234399,0.8077181208053691,0.8212447755252907,0.0,0.0,0.0
M-2022-4,73,29211,0.9772696384887197,0.9846633117661155,0.9809525433555583,0.0,0.0,0.0
M-2022-4,74,9210,0.8396893634724726,0.6574375678610206,0.7374703124048475,0.0,0.0,0.0
M-2022-4,75,28060,0.7365331195051404,0.9165716322166786,0.8167484399561759,0.0,0.0,0.0
M-2022-4,76,10523,0.9372085794218216,0.8595457569134277,0.8966987211262021,0.0,0.0,0.0
M-2022-4,77,81932,0.8928487107797453,0.8769711468046673,0.8848387076911709,0.0,0.0,0.0
M-2022-4,78,48009,0.9615252342876794,0.9317836239038514,0.9464208265896565,0.0,0.0,0.0
M-2022-4,79,25102,0.8361911245372932,0.7829256632937615,0.8086822343380311,0.0,0.0,0.0
M-2022-4,80,6096,0.8715596330275229,0.7791994750656168,0.822795773428027,0.0,0.0,0.0
M-2022-4,81,7217,0.9657291097760786,0.9800471109879452,0.972835430850698,0.0,0.0,0.0
M-2022-4,82,79609,0.8904576313804375,0.8896858395407554,0.8900715681531144,0.0,0.0,0.0
M-2022-4,83,24502,0.9595668748479196,0.9656762713247898,0.9626118795768918,0.0,0.0,0.0
M-2022-4,84,2397,0.9054531188701451,0.9628702544847726,0.9332794177112819,0.0,0.0,0.0
M-2022-4,85,2080,0.9117108874656907,0.958173076923077,0.9343647444913268,0.0,0.0,0.0
M-2022-4,86,27759,0.8664357490864799,0.8200223350985266,0.8425903647905831,0.0,0.0,0.0
M-2022-4,87,11231,0.950342911711086,0.9747128483661295,0.9623736263736263,0.0,0.0,0.0
M-2022-4,88,204,0.4025974025974026,0.45588235294117646,0.42758620689655175,0.0,0.0,0.0
M-2022-4,89,486,0.7659137577002053,0.7674897119341564,0.7667009249743063,0.0,0.0,0.0
M-2022-4,90,7635,0.9458365961889846,0.9491814014407335,0.947506046937308,0.0,0.0,0.0
M-2022-4,91,4262,0.9294947121034077,0.9279680900985453,0.9287307737466244,0.0,0.0,0.0
M-2022-4,92,2288,0.9792043399638336,0.9466783216783217,0.9626666666666667,0.0,0.0,0.0
M-2022-4,93,34812,0.8987074401008828,0.8188842927726071,0.8569410208621415,0.0,0.0,0.0
M-2022-4,94,633,0.8186666666666667,0.4849921011058452,0.6091269841269841,0.0,0.0,0.0
M-2022-4,95,50223,0.9930725183197854,0.9875953248511639,0.9903263484710839,0.0,0.0,0.0
M-2022-4,96,55119,0.9298070584881795,0.9468785718173407,0.9382651685393258,0.0,0.0,0.0
M-2022-4,97,41580,0.9674022547373471,0.9699615199615199,0.9686801969496818,0.0,0.0,0.0
M-2022-4,98,63298,0.9895741740987313,0.995671269234415,0.9926133589529554,0.0,0.0,0.0
M-2022-4,99,23955,0.9258153626804492,0.8674180755583385,0.8956658548675618,0.0,0.0,0.0
M-2022-4,100,30504,0.9788746105919003,0.9888867033831629,0.9838551859099804,0.0,0.0,0.0
M-2022-4,101,60629,0.987726647902075,0.9955301918223952,0.9916130675143958,0.0,0.0,0.0
M-2022-4,102,79891,0.990990765534673,0.9913256812406904,0.9911581950953952,0.0,0.0,0.0
M-2022-4,103,1787,0.8891280947255114,0.9244543928371572,0.9064471879286694,0.0,0.0,0.0
M-2022-4,104,3363,0.8248146703082325,0.6286054118346714,0.7134660816739791,0.0,0.0,0.0
M-2022-4,105,4895,0.8343868520859671,0.6741573033707865,0.7457627118644068,0.0,0.0,0.0
M-2022-4,106,3993,0.9784892446223111,0.9797145003756574,0.9791014891753222,0.0,0.0,0.0
M-2022-4,107,3873,0.941103992114342,0.9860573199070488,0.9630563611146136,0.0,0.0,0.0
M-2022-4,108,11663,0.9418408631153068,0.9580725370830833,0.9498873634547541,0.0,0.0,0.0
M-2022-4,109,1867,0.9505907626208379,0.9480449919657205,0.9493161705551086,0.0,0.0,0.0
M-2022-4,110,9808,0.8782985427333596,0.9094616639477977,0.8936084952915248,0.0,0.0,0.0
M-2022-4,111,2817,0.7243265993265994,0.6109336173233937,0.6628153283265935,0.0,0.0,0.0
M-2022-4,112,3822,0.9060052219321149,0.9079016221873365,0.9069524307370622,0.0,0.0,0.0
M-2022-4,113,5042,0.9934092270820851,0.986513288377628,0.9899492486814608,0.0,0.0,0.0
M-2022-4,114,3329,0.9726277372262774,0.9606488434965456,0.9666011787819253,0.0,0.0,0.0
M-2022-4,115,22978,0.8970200421940928,0.88819740621464,0.8925869232451344,0.0,0.0,0.0
M-2022-4,116,4023,0.8723252496433667,0.9120059656972409,0.8917243893547211,0.0,0.0,0.0
M-2022-4,117,84936,0.8562640285975559,0.8488744466421776,0.852553225453621,0.0,0.0,0.0
M-2022-4,118,3760,0.9623095429029671,0.9574468085106383,0.9598720170643914,0.0,0.0,0.0
M-2022-4,119,2846,0.9022847100175747,0.9019676739283204,0.902126164118784,0.0,0.0,0.0
M-2022-4,120,2918,0.905266757865937,0.907128169979438,0.90619650804519,0.0,0.0,0.0
M-2022-4,121,2543,0.9567288606589917,0.9476995674400315,0.9521928091663374,0.0,0.0,0.0
M-2022-4,122,61426,0.9046446742163138,0.8973398886465015,0.9009774755631109,0.0,0.0,0.0
M-2022-4,123,3393,0.9213483146067416,0.7008547008547008,0.7961165048543689,0.0,0.0,0.0
M-2022-4,124,30492,0.9059981225520345,0.9179128951856225,0.9119165920013033,0.0,0.0,0.0
M-2022-4,125,3522,0.8553542887586574,0.9116978989210676,0.882627817482133,0.0,0.0,0.0
M-2022-4,126,2112,0.9147058823529411,0.8835227272727273,0.8988439306358381,0.0,0.0,0.0
M-2022-4,127,3002,0.8802747791952895,0.896402398401066,0.888265390328437,0.0,0.0,0.0
M-2022-4,128,2342,0.9279766860949209,0.9517506404782238,0.9397133220910624,0.0,0.0,0.0
M-2022-4,129,44177,0.948869289914066,0.9497928786472599,0.9493308596445581,0.0,0.0,0.0
M-2022-4,130,7092,0.8136783253153036,0.8824027072758037,0.8466481769600216,0.0,0.0,0.0
M-2022-4,131,30533,0.8730235219709063,0.9493662594569809,0.9095958328103426,0.0,0.0,0.0
M-2022-4,132,23157,0.9663520320829462,0.8532625124152524,0.9062930006421429,0.0,0.0,0.0
M-2022-4,133,54110,0.8852447884837373,0.9637405285529477,0.9228264524235078,0.0,0.0,0.0
M-2022-4,134,10738,0.8757562846186622,0.9570683553734401,0.9146086414808882,0.0,0.0,0.0
M-2022-4,135,3069,0.7453590192644484,0.693385467579016,0.7184334908845375,0.0,0.0,0.0
M-2022-4,136,22342,0.853764960106383,0.919568525646764,0.8854458475197173,0.0,0.0,0.0
M-2022-4,137,4089,0.957685871384174,0.9797016385424309,0.968568665377176,0.0,0.0,0.0
M-2022-4,138,43631,0.9033080070134424,0.8855859366047076,0.8943591880193505,0.0,0.0,0.0
M-2022-4,139,2846,0.6782354849172884,0.7347153900210822,0.7053466014504975,0.0,0.0,0.0
M-2022-4,140,71932,0.8775160034316637,0.9242757048323417,0.9002891053982139,0.0,0.0,0.0
M-2022-4,141,2022,0.8040100250626566,0.7932739861523245,0.7986059248195171,0.0,0.0,0.0
M-2022-4,142,62604,0.906962988000676,0.8572135965752987,0.8813868313433081,0.0,0.0,0.0
M-2022-4,143,4384,0.7356438148241842,0.6633211678832117,0.6976130502578866,0.0,0.0,0.0
M-2022-4,144,3642,0.9781405644714998,0.9706205381658429,0.9743660418963617,0.0,0.0,0.0
M-2022-4,145,2224,0.9915064818953956,0.9973021582733813,0.9943958753642681,0.0,0.0,0.0
M-2022-4,146,4793,0.9597548518896833,0.9801794283329857,0.9698596201486375,0.0,0.0,0.0
M-2022-4,147,2203,0.956868260665729,0.926463912846119,0.941420664206642,0.0,0.0,0.0
M-2022-4,148,6812,0.9112275449101797,0.8935701702877276,0.902312481470501,0.0,0.0,0.0
M-2022-4,149,74194,0.9043704543938079,0.9134027010270372,0.9088641377599259,0.0,0.0,0.0
M-2022-4,150,2305,0.9508695652173913,0.9488069414316703,0.9498371335504886,0.0,0.0,0.0
M-2022-4,151,2021,0.8122090015519917,0.776843146956952,0.7941325240263025,0.0,0.0,0.0
M-2022-4,152,1673,0.9658744667885436,0.9473998804542738,0.9565479782739892,0.0,0.0,0.0
M-2022-4,153,70973,0.875033866160932,0.9101348400095811,0.8922392657103589,0.0,0.0,0.0
M-2022-4,154,2978,0.7642477876106195,0.7249832102081935,0.7440978804066862,0.0,0.0,0.0
M-2022-4,155,11183,0.7983856502242153,0.7960296879191631,0.7972059284466932,0.0,0.0,0.0
M-2022-4,156,32897,0.8384912959381045,0.8697145636380217,0.8538175741207717,0.0,0.0,0.0
M-2022-4,157,2075,0.7893053016453382,0.832289156626506,0.8102275392915786,0.0,0.0,0.0
M-2022-4,158,12544,0.9247363374880153,0.9226721938775511,0.9237031125299282,0.0,0.0,0.0
M-2022-4,159,3182,0.6737460460912789,0.46857322438717786,0.5527340129749768,0.0,0.0,0.0
M-2022-4,160,1553,0.7403921568627451,0.6078557630392788,0.6676096181046676,0.0,0.0,0.0
M-2022-4,161,3031,0.988399071925754,0.9838337182448037,0.9861111111111112,0.0,0.0,0.0
M-2022-4,162,486,0.6118811881188119,0.6358024691358025,0.6236125126135217,0.0,0.0,0.0
M-2022-4,163,3156,0.5962829117191534,0.3659695817490494,0.4535637149028078,0.0,0.0,0.0
M-2022-4,164,3315,0.8916116870876531,0.8561085972850678,0.8734995383194829,0.0,0.0,0.0
M-2022-4,165,5176,0.984209432786204,0.9151854714064915,0.948443287616378,0.0,0.0,0.0
M-2022-4,166,2317,0.7243567148396193,0.8869227449287872,0.7974388824214202,0.0,0.0,0.0
M-2022-4,167,668,0.9296235679214403,0.8502994011976048,0.8881939014855356,0.0,0.0,0.0
M-2022-4,168,3924,0.749385145105755,0.7765035677879715,0.7627033792240301,0.0,0.0,0.0
M-2022-4,169,2891,0.9746439736019451,0.9705984088550674,0.9726169844020798,0.0,0.0,0.0
M-2022-4,170,3774,0.908454647256439,0.859830418653948,0.883473999455486,0.0,0.0,0.0
M-2022-4,171,7082,0.8202977922300189,0.6767862185823214,0.7416634429400387,0.0,0.0,0.0
M-2022-4,172,7688,0.8578814795174334,0.8417013527575442,0.8497143982666929,0.0,0.0,0.0
M-2022-4,173,4960,0.992440151196976,0.9528225806451613,0.9722279366385518,0.0,0.0,0.0
M-2022-4,174,4246,0.9860669762894158,0.9500706547338672,0.9677341969533405,0.0,0.0,0.0
M-2022-4,175,50628,0.7627240271972157,0.8397527060124832,0.7993870394569846,0.0,0.0,0.0
M-2022-4,176,4309,0.8182906392147474,0.793223485727547,0.8055621022861184,0.0,0.0,0.0
M-2022-4,177,1540,0.9533376539209333,0.9551948051948052,0.9542653259811872,0.0,0.0,0.0
M-2022-7,0,627,0.8763358778625954,0.9154704944178629,0.8954758190327613,-0.013359098249885681,0.0024577645734498166,-0.02835928681855393
M-2022-7,1,5041,0.9311765917988872,0.8964491172386432,0.9134829189407722,-0.03843026283488504,-0.046378903517472425,-0.029998545174473756
M-2022-7,2,4913,0.6682960893854749,0.7791573376755546,0.7194812517620525,0.02900669644304965,0.11622709898374395,-0.05211090402237839
M-2022-7,3,814,0.5692857142857143,0.9791154791154791,0.7199638663053297,-0.22323213868842806,0.030590683133056018,-0.36864103928349734
M-2022-7,4,1306,0.8729050279329609,0.9571209800918836,0.9130752373995618,-0.04987792481266373,-0.016654775862090188,-0.07946346199114274
M-2022-7,5,949,0.4429637526652452,0.8756585879873551,0.5883185840707965,-0.3595218690800177,-0.08372984966195218,-0.4936034115138593
M-2022-7,6,1455,0.17620481927710843,0.3216494845360825,0.22768182923862806,-0.7485955430241455,-0.6585630475269442,-0.796168863020238
M-2022-7,7,13,0.7142857142857143,0.38461538461538464,0.5,-0.176056338028169,-0.282051282051282,0.02857142857142858
M-2022-7,8,1238,0.8773656320968963,0.9361873990306947,0.9058225869480265,0.025082580340824667,0.0893004867054088,-0.04004661841927715
M-2022-7,9,1255,0.8315363881401617,0.49163346613545816,0.6179268903355033,-0.042450468155062704,-0.11922626237132922,0.11290520943293736
M-2022-7,10,1346,0.8383620689655172,0.8670133729569094,0.8524470416362309,0.027735841234422742,0.05414208582819657,0.0014609476607262417
M-2022-7,11,1290,0.6821345707656613,0.6837209302325581,0.6829268292682927,-0.10591540228539653,-0.0966945000345042,-0.11531843105362316
M-2022-7,12,1813,0.812790097988654,0.8692774407060121,0.8400852878464818,0.0029260339010012126,0.032118186760531464,-0.02436915595682665
M-2022-7,13,1115,0.45198902606310015,0.5910313901345291,0.5122425184609405,-0.0423966567967915,-0.05158686117937439,-0.03586008528981971
M-2022-7,14,4897,0.39216696727647515,0.3108025321625485,0.3467760309865573,-0.4382950116390181,-0.44354801105444985,-0.42623294927719124
M-2022-7,15,538,0.8445297504798465,0.8178438661710037,0.8309726156751652,0.014438895588145595,0.06817675565169612,-0.05196706480677771
M-2022-7,16,949,0.335149863760218,0.12961011591148577,0.18693009118541035,-0.33119779279613215,-0.2618241470367214,-0.43093200758481126
M-2022-7,17,9274,0.9529867926814491,0.848069872762562,0.897472471044674,-0.023404067750851354,-0.0526995886144741,0.011085016296914163
M-2022-7,18,12401,0.8660102115244347,0.9574227884847996,0.9094251464899851,-0.016309435363421443,0.04211675911327717,-0.0703932972474951
M-2022-7,19,9918,0.8991884228023859,0.9272030651340997,0.9129808885579548,0.013724170433312088,0.03255005034456615,-0.004719623174625598
M-2022-7,20,1273,0.8870326173428799,0.8758837391987431,0.8814229249011858,0.04834135390420691,0.014837681431373873,0.08015624572620095
M-2022-7,21,1255,0.9434682964094728,0.9840637450199203,0.9633385335413417,0.03824628261883245,0.0271935160122867,0.04811115355232998
M-2022-7,22,449,0.778705636743215,0.8307349665924276,0.8038793103448276,-0.14959668241573876,-0.1351839290072272,-0.16264395333456505
M-2022-7,23,5629,0.9239112014912727,0.9685556937289039,0.9457068516912402,0.0064154426763450845,0.02805725136130266,-0.014176268406963954
M-2022-7,24,4214,0.9672170375687964,0.9591836734693877,0.9631836053854402,0.010816497763208366,0.0007324884503688844,0.020857253285283317
M-2022-7,25,35008,0.9054225858161516,0.9357861060329068,0.9203539823008849,-0.006108423241807048,-0.010306970932468906,-0.002207230076513911
M-2022-7,26,952,0.6336448598130842,0.7121848739495799,0.6706231454005934,-0.1886392539211531,-0.17180989273162384,-0.20223142884670964
M-2022-7,27,15113,0.9650504741511166,0.834976510289155,0.8953137748767249,-0.09785157214310847,-0.15821445226113906,-0.028089258659529714
M-2022-7,28,10579,0.8206374932468936,0.7179317515833255,0.7658566098618533,-0.10794685554466554,-0.1633465082235913,-0.04581691021339718
M-2022-7,29,19817,0.8459763133920437,0.7028813644850381,0.7678187531007111,-0.1328410586687232,-0.20397460287071,-0.048571439510388004
M-2022-7,30,5745,0.9968231556653724,0.9831157528285466,0.9899220050828148,0.004082822716111156,-0.001510984350152178,0.009768538478835631
M-2022-7,31,5940,0.9781988931745765,0.981986531986532,0.9800890531798706,0.007645619985584218,0.017105057008481084,-0.00192596349506291
M-2022-7,32,2014,0.6063685636856369,0.4443892750744787,0.5128939828080229,-0.1644588910184026,-0.1901023594171558,-0.12005579780748687
M-2022-7,33,273,0.6851851851851852,0.5421245421245421,0.6053169734151329,0.12255835272547771,0.16467356173238523,0.015619967793880862
M-2022-7,34,802,0.9043583535108959,0.9314214463840399,0.9176904176904177,-0.011791315529633306,0.0011493375405025041,-0.024334345979766248
M-2022-7,35,3174,0.9850696748506967,0.9354127284183995,0.9595992243051067,0.07137092466182493,0.08169844270411375,0.059419117229878915
M-2022-7,36,1292,0.9467649467649467,0.8947368421052632,0.9200159172304019,0.1945451540985882,0.008538294889766762,0.33267098703340314
M-2022-7,37,939,0.981859410430839,0.9222577209797657,0.9511257550796266,0.1616045265340078,0.26313253244281243,-0.002374823803395265
M-2022-7,38,102,0.8333333333333334,0.4411764705882353,0.5769230769230769,-0.1934472934472935,-0.23414820473644005,-0.06321839080459768
M-2022-7,39,5963,0.9565139263252471,0.8926714740902231,0.9234906315058987,-0.020584984562515785,-0.06334493429628563,0.0240844975633
M-2022-7,40,1205,0.9750692520775623,0.8763485477178423,0.9230769230769231,-0.02549955010780436,-0.04438838458721339,-0.0030827734117412353
M-2022-7,41,1992,0.7894021739130435,0.5833333333333334,0.6709006928406467,-0.19284509435242025,-0.26249410655351246,-0.09303757030732052
M-2022-7,42,630,0.3333333333333333,0.2761904761904762,0.3020833333333333,-0.5422229678816992,-0.5362075662238794,-0.5454901960784313
M-2022-7,43,1330,0.7581602373887241,0.7684210526315789,0.7632561613144138,-0.06118353985954572,0.011809887107582795,-0.14746696073554322
M-2022-7,44,1904,0.9845094664371773,0.9012605042016807,0.9410474362489718,-0.029704652887518446,-0.056815097172889795,0.0007409413842485169
M-2022-7,45,1928,0.889618138424821,0.7733402489626556,0.8274139844617092,-0.09658142311578788,-0.1445429627161765,-0.04057141312395385
M-2022-7,46,4182,0.6371343789741416,0.7187948350071736,0.6755056179775281,-0.10621528714199291,-0.09392204598894804,-0.1158679850920522
M-2022-7,47,384,0.9654255319148937,0.9453125,0.9552631578947368,-0.026416030190145268,-0.02473178236519924,-0.028171052930357154
M-2022-7,48,4498,0.9537444933920705,0.09626500666963095,0.17487883683360259,-0.8144775741879829,-0.8981361131064138,-0.03061813526984558
M-2022-7,49,13761,0.8393060486301829,0.9105442918392559,0.8734750784245382,-0.06150294794381972,-0.020435320294011183,-0.09970488526489185
M-2022-7,50,2568,0.09333333333333334,0.016355140186915886,0.027833001988071572,-0.6603223378177536,-0.5683346970326177,-0.7427786515675788
M-2022-7,51,15397,0.8475455174003227,0.9553809183607196,0.8982383293133454,-0.034115012186586635,0.0145330106599596,-0.07646527396658376
M-2022-7,52,1010,0.818069306930693,0.6544554455445545,0.7271727172717272,-0.15593829335454457,-0.19430596253888754,-0.10228884575545216
M-2022-7,53,4517,0.859187059311489,0.9172016825326544,0.8872470285897848,-0.06017486625400492,-0.03676251184074708,-0.08178165915470681
M-2022-7,54,3357,0.38280922431865827,0.2719690199582961,0.31800766283524906,-0.4984855934267933,-0.5230182230253448,-0.45638595945827454
M-2022-7,55,5627,0.9821397303449484,0.9968011373733784,0.9894161227729759,-0.0011040522391777552,0.0020495201391540485,-0.004184849105614341
M-2022-7,56,8114,0.005928853754940711,0.0003697313285679073,0.0006960556844547563,-0.9598394623493148,-0.9520772668881946,-0.9628337419725885
M-2022-7,57,2449,0.9967064635652532,0.9885667619436505,0.992619926199262,0.00010203420186449819,-0.006865538219481659,0.007085964051792293
M-2022-7,58,1749,0.9994275901545506,0.9982847341337907,0.9988558352402745,0.007391619875862232,0.007471085839827474,0.0073119528352338925
M-2022-7,59,5381,0.9697737556561086,0.9957257015424642,0.9825783972125436,0.01854637556410521,0.061231385016670026,-0.02572418736958415
M-2022-7,60,21024,0.8796906461651107,0.91433599695586,0.8966787946636813,-0.014569425554638582,0.005061884666955896,-0.03354027253062064
M-2022-7,61,12195,0.6032433633233366,0.8906929069290693,0.7193139300023178,-0.04771502155769347,0.058562392596888,-0.1081313325404103
M-2022-7,62,8933,0.9139762107051826,0.9633941564983768,0.9380347702872092,0.000581428731170397,0.03465275833772341,-0.03235406452417511
M-2022-7,63,8561,0.8001575630252101,0.7118327298212825,0.7534153427706002,0.006087173342224861,0.028367880466906636,-0.024198915451969172
M-2022-7,64,16,0.0035842293906810036,0.0625,0.006779661016949152,-0.8013307068760275,-0.7306883463274518,-0.8200203722284072
M-2022-7,65,2044,0.9030585795749093,0.8522504892367906,0.876919204631261,-0.08876089612440641,-0.12294823890311402,-0.053286914656459516
M-2022-7,66,2587,0.8981018981018981,0.6950135291843834,0.7836129875789932,-0.11441582212532819,-0.2251651462865818,0.021181668599769665
M-2022-7,67,1175,0.3799043062200957,0.33787234042553194,0.35765765765765767,-0.09573217285081692,-0.03800587971498326,-0.1912700710041036
M-2022-7,68,3493,0.5613063407181055,0.8413970798740338,0.6733875587123381,-0.09626952476532036,0.0774031313112501,-0.21409846106860586
M-2022-7,69,605,0.7142857142857143,0.9338842975206612,0.8094555873925502,-0.018009201339844183,0.13183651595069523,-0.1402597402597402
M-2022-7,70,1078,0.7446808510638298,0.5844155844155844,0.6548856548856549,-0.09077663880880138,-0.08250341634141789,-0.10080859231428929
M-2022-7,71,78156,0.867349426969032,0.8647192793899381,0.8660323562389877,-0.02868926829032914,-0.025882294822955454,-0.03153054492893603
M-2022-7,72,7931,0.7596946940785424,0.7780859916782247,0.7687803662638595,-0.052464409261431255,-0.029632129127144413,-0.07553750764489753
M-2022-7,73,15014,0.9741787122207621,0.9875449580391634,0.9808162995303301,-0.00013624382522814393,0.0028816462730478776,-0.0030909262679575944
M-2022-7,74,3474,0.7082613204286208,0.5898100172711571,0.643631223496152,-0.09383908890869552,-0.06762755058986347,-0.1314280430438518
M-2022-7,75,16084,0.6813482925873303,0.864648097488187,0.7621317988765585,-0.05461664107961739,-0.05192353472849154,-0.055184826917810126
M-2022-7,76,5019,0.8991617983235967,0.7053197848176928,0.7905314872711031,-0.10616723385509896,-0.15422597209573496,-0.0380467810982249
M-2022-7,77,35082,0.8542527926818542,0.8305113733538567,0.8422148029311017,-0.042623904760069165,-0.04645977345081054,-0.03859591809789109
M-2022-7,78,31608,0.965984414912536,0.9451721083270058,0.9554649396338051,0.009044113044148538,0.013388484423154434,0.004459180624856507
M-2022-7,79,10765,0.7853631388553938,0.7865304226660473,0.7859463473498561,-0.02273588698817497,0.0036047593722858817,-0.05082798568189939
M-2022-7,80,2151,0.6070234113712375,0.33751743375174337,0.43382133253659994,-0.3889744408914271,-0.44168204131387345,-0.26453622165628543
M-2022-7,81,3251,0.9623100303951367,0.9738541987080899,0.9680476991285736,-0.004787731722124433,-0.0061929122798553005,-0.0034190793809418807
M-2022-7,82,38594,0.8303969871282276,0.8341192931543763,0.8322539781026616,-0.05781759005045284,-0.055566546386379145,-0.060060644252209916
M-2022-7,83,21074,0.9276866264666013,0.9417291449179084,0.9346551439941602,-0.027956735582731596,-0.023947126406881458,-0.03188024838131831
M-2022-7,84,1135,0.9668122270742358,0.9753303964757709,0.9710526315789474,0.03777321386766552,0.012460141990998319,0.06135910820409063
M-2022-7,85,1437,0.9597818677573279,0.9798190675017397,0.9696969696969697,0.03533222520564294,0.021645990578662788,0.048070980291637144
M-2022-7,86,16760,0.8176655031651187,0.8246420047732697,0.8211389359237145,-0.021451428866868683,0.004619669674743032,-0.048770245921361255
M-2022-7,87,9083,0.9712174680194089,0.9696135638005065,0.9704148531761335,0.008041226802507184,-0.00509928456562303,0.02087455630832291
M-2022-7,88,239,0.2813186813186813,0.5355648535564853,0.3688760806916426,-0.05871012620490912,0.07968250061530885,-0.1212787212787213
M-2022-7,89,552,0.910828025477707,0.7771739130434783,0.8387096774193549,0.07200875244504856,0.009684201109321888,0.14491426777750172
M-2022-7,90,3605,0.8497757847533632,0.9461858529819694,0.8953930962068513,-0.05211295073045674,-0.0029955484587640413,-0.0960608114356214
M-2022-7,91,2609,0.8126666666666666,0.9344576466078958,0.8693171688357996,-0.05941360491082481,0.006489556509350458,-0.11682804543674108
M-2022-7,92,804,0.94579945799458,0.8681592039800995,0.9053177691309987,-0.057348897535667964,-0.07851911769822217,-0.03340488196925362
M-2022-7,93,24700,0.8900483353661292,0.7976923076923077,0.8413433823686401,-0.015597638493501376,-0.021191985080299403,-0.00865910473475362
M-2022-7,94,123,0.021092482422931314,0.3170731707317073,0.03955375253549696,-0.5695732315914871,-0.16791893037413785,-0.7975741842437354
M-2022-7,95,53160,0.9929320608523103,0.9883559066967644,0.9906386990337026,0.00031235056261869065,0.000760581845600572,-0.0001404574674750414
M-2022-7,96,37892,0.8220145273530757,0.8541644674337591,0.8377811715372868,-0.10048399700203903,-0.09271410438358163,-0.10779253113510379
M-2022-7,97,30023,0.9256558051993883,0.7862971721680045,0.8503043619205417,-0.11837583502914006,-0.18366434779351537,-0.04174644953795881
M-2022-7,98,48679,0.995002467917078,0.9938782637276854,0.994440048097181,0.0018266891442255684,-0.0017930055067295614,0.005428293818346752
M-2022-7,99,18048,0.9044958487807425,0.9597739361702128,0.9313153579397295,0.03564950307216774,0.09235586061187429,-0.021319513899706655
M-2022-7,100,10947,0.8952263374485596,0.9936055540330684,0.9418539204225657,-0.042001265487414785,0.004718850649905515,-0.08364827314334067
M-2022-7,101,44889,0.9237121510027526,0.15698723518011093,0.26836513195475836,-0.7232479355596375,-0.8385429566422843,-0.06401449689932237
M-2022-7,102,41479,0.7885639059012077,0.996431929410063,0.8803944958036893,-0.11076369929170582,0.0051062481693725514,-0.2024268596334653
M-2022-7,103,1231,0.649379932356257,0.9358245329000813,0.7667221297836938,-0.1397250581449756,0.011370140062924028,-0.23974816236925434
M-2022-7,104,1719,0.4161676646706587,0.16172193135543922,0.23292836196062003,-0.480537719713359,-0.4668834804792322,-0.40864700563757383
M-2022-7,105,1105,0.35490101400289714,0.665158371040724,0.4628463476070529,-0.2829163642573539,-0.008998932330062548,-0.47948583808306994
M-2022-7,106,2288,0.9384359400998337,0.986013986013986,0.9616368286445013,-0.017464660530820963,0.006299485638328606,-0.04005330452247746
M-2022-7,107,2160,0.9126506024096386,0.9819444444444444,0.9460303300624442,-0.017026031052169377,-0.004112875462604415,-0.028453389704703458
M-2022-7,108,7204,0.9411280362289007,0.9519711271515825,0.9465185287419777,-0.0033688347127763807,-0.0061014099315007675,-0.0007128268864060594
M-2022-7,109,1236,0.9307875894988067,0.9466019417475728,0.9386281588447654,-0.010688011710343281,-0.0014430502181476124,-0.01980317312203117
M-2022-7,110,6102,0.8964310706787963,0.839724680432645,0.8671518023354206,-0.0264566929561042,-0.06973698351515267,0.01813252794543674
M-2022-7,111,1330,0.604978354978355,0.42030075187969923,0.49600709849157054,-0.16680822983502297,-0.19063286544369445,-0.11934824434824443
M-2022-7,112,1780,0.7136490250696379,0.7196629213483146,0.7166433566433567,-0.19030907409370557,-0.18823870083902194,-0.19235619686247696
M-2022-7,113,2014,0.9925149700598802,0.9875868917576961,0.9900447984071677,9.554972570691156e-05,0.0010736033800681222,-0.000894257022204914
M-2022-7,114,1939,0.7561934722768384,0.9917483238782878,0.85809906291834,-0.10850211586358527,0.03109948038174226,-0.21643426494943896
M-2022-7,115,13745,0.8578384488305365,0.7177882866496907,0.7815891626396261,-0.11099776060550837,-0.1704091195649493,-0.03918159336355631
M-2022-7,116,3519,0.9113607990012484,0.8297811878374538,0.8686598244831176,-0.023064564871603466,-0.0822247778597871,0.03903554935788178
M-2022-7,117,45039,0.5546501956193586,0.7995070938519949,0.6549412973690673,-0.19761192808455375,-0.04936735279018267,-0.3016138329781973
M-2022-7,118,1354,0.6144636015325671,0.947562776957164,0.7454968041836142,-0.2143752128807772,-0.009884031553474393,-0.34784594137040004
M-2022-7,119,1430,0.9193899782135077,0.8853146853146853,0.9020306376914856,-9.55264272983758e-05,-0.016652988613635178,0.017105268195932943
M-2022-7,120,1510,0.8423052564914503,0.8807947019867549,0.861120103593396,-0.04507640445179406,-0.0263334679926831,-0.06296150137448675
M-2022-7,121,7,0.0,0.0,0.0,-0.9521928091663374,-0.9476995674400315,-0.9567288606589917
M-2022-7,122,41710,0.9025825433148088,0.860537041476864,0.8810584582152018,-0.01991901734790913,-0.03680284716963744,-0.002062130901504977
M-2022-7,123,1121,0.8445642407906558,0.8385370205173952,0.8415398388540735,0.04542333399970455,0.1376823196626944,-0.07678407381608576
M-2022-7,124,20257,0.9072508454346528,0.9005775781211434,0.903901895206243,-0.008014696795060283,-0.017335317064479105,0.0012527228826183512
M-2022-7,125,2871,0.665081351689612,0.9254615116684082,0.7739586367608505,-0.10866918072128251,0.013763612747340614,-0.19027293706904536
M-2022-7,126,1107,0.9150197628458498,0.8364950316169828,0.8739971684756961,-0.024846762160142033,-0.047027695655744495,0.00031388049290870246
M-2022-7,127,2163,0.8434093161546086,0.7868700878409616,0.8141592920353983,-0.07410609829303871,-0.10953231056010437,-0.036865463040680946
M-2022-7,128,2154,0.7047391749062394,0.9596100278551533,0.8126597208570867,-0.1270536012339757,0.007859387376929483,-0.22323751118868151
M-2022-7,129,19427,0.886508283534956,0.9392597930714984,0.9121219695076231,-0.03720889013693496,-0.010533085575761492,-0.06236100637911002
M-2022-7,130,4594,0.8135491606714629,0.8861558554636483,0.8483017295269848,0.0016535525669632012,0.003753148187844557,-0.0001291646438407179
M-2022-7,131,26165,0.9171378860374075,0.967017007452704,0.9414172232247503,0.03182139041440768,0.01765074799572308,0.044114364066501266
M-2022-7,132,10712,0.9377503852080123,0.8522218073188947,0.8929427299848388,-0.013350270657304097,-0.0010407050963576747,-0.028601646874933828
M-2022-7,133,36135,0.8432236018866108,0.9697246436972464,0.9020607277548236,-0.020765724668684205,0.005984115144298752,-0.0420211865971265
M-2022-7,134,6337,0.9233254994124559,0.9919520277733943,0.9564092810954735,0.041800639614585355,0.03488367239995416,0.047569214793793724
M-2022-7,135,1882,0.6320201173512154,0.8012752391073327,0.7066541705716963,-0.011779320312841124,0.10788977152831669,-0.11333890191323293
M-2022-7,136,14759,0.865318981359937,0.8932854529439664,0.8790798466411068,-0.0063660008786105005,-0.026283072702797505,0.011554021253553981
M-2022-7,137,1585,0.6509635974304069,0.19179810725552052,0.2962962962962963,-0.6722723690808797,-0.7879035312869104,-0.30672227395376717
M-2022-7,138,28132,0.8554360812425329,0.6871889663017204,0.7621375490331356,-0.13222163898621497,-0.1983969703029872,-0.047871925770909485
M-2022-7,139,1011,0.3778135048231511,0.2324431256181998,0.2878138395590937,-0.41753276189140387,-0.5022722644028824,-0.30042198009413723
M-2022-7,140,13811,0.6877828054298643,0.8034175657084932,0.7411167512690355,-0.1591723541291784,-0.12085813912384846,-0.18973319800179944
M-2022-7,141,1364,0.7223851417399805,0.5417888563049853,0.6191872643485546,-0.17941866047096244,-0.2514851298473392,-0.08162488332267614
M-2022-7,142,23002,0.8331109372843142,0.7871489435701243,0.8094780373309489,-0.07190879401235917,-0.0700646530051744,-0.0738520507163618
M-2022-7,143,2408,0.6537634408602151,0.6312292358803987,0.6422987534333404,-0.05531429682454614,-0.03209193200281302,-0.08188037396396908
M-2022-7,144,3002,0.9946485907955762,0.9287141905396402,0.960551248923342,-0.013814792973019685,-0.04190634762620271,0.01650802632407644
M-2022-7,145,1697,0.995872641509434,0.9952857984678845,0.995579133510168,0.0011832581458999236,-0.002016359805496859,0.004366159614038412
M-2022-7,146,4786,0.9859086491739553,0.8478896782281655,0.9117052347787015,-0.058154385369936,-0.13228975010482014,0.026153797284271918
M-2022-7,147,55,0.18811881188118812,0.34545454545454546,0.24358974358974358,-0.6978309206168984,-0.5810093673915735,-0.768749448784541
M-2022-7,148,4632,0.9153846153846154,0.8734887737478411,0.8939460892620416,-0.008366392208459472,-0.020081396539886498,0.004157070474435698
M-2022-7,149,32883,0.7125976643383672,0.7849344646169754,0.7470189858763603,-0.16184515188356563,-0.1284682364100619,-0.19177279005544068
M-2022-7,150,1436,0.8592870544090057,0.637883008356546,0.7322142286171063,-0.21762290493338232,-0.31092393307512434,-0.09158251080838564
M-2022-7,151,1469,0.7505966587112172,0.8563648740639891,0.8,0.005867475973697522,0.07952172710703709,-0.06161234284077455
M-2022-7,152,336,0.9106145251396648,0.9702380952380952,0.9394812680115274,-0.01706671026246176,0.02283821478382142,-0.05525994164887882
M-2022-7,153,39925,0.7984454632193805,0.8593613024420789,0.8277842115421733,-0.06445505416818564,-0.05077353756750225,-0.07658840294155156
M-2022-7,154,1219,0.6693830034924331,0.4716981132075472,0.5534167468719923,-0.19068113353469396,-0.2532850970006463,-0.09486478411818644
M-2022-7,155,5019,0.5943246670894102,0.7469615461247261,0.6619581530855478,-0.1352477753611454,-0.04906814179443697,-0.20406098313480503
M-2022-7,156,19602,0.7957924780186899,0.8818998061422304,0.8366364186327888,-0.017181155487982935,0.012185242504208715,-0.042698817919414545
M-2022-7,157,937,0.5713080168776371,0.7225186766275347,0.6380772855796418,-0.17215025371193682,-0.10977047999897138,-0.21799728476770108
M-2022-7,158,5930,0.9054856743535988,0.8740303541315345,0.8894800068645958,-0.034223105665332376,-0.048641839746016546,-0.01925066313441648
M-2022-7,159,1512,0.6848049281314168,0.44113756613756616,0.5366049879324215,-0.01612902504255531,-0.027435658249611694,0.01105888204013794
M-2022-7,160,1230,0.46135693215339235,0.6357723577235772,0.5347008547008547,-0.13290876340381286,0.027916594684298413,-0.2790352247093527
M-2022-7,161,1512,0.9912087912087912,0.8948412698412699,0.940563086548488,-0.04554802456262319,-0.08899244840353382,0.002809719283037193
M-2022-7,162,241,0.5045045045045045,0.46473029045643155,0.4838012958963283,-0.13981121671719338,-0.17107217867937097,-0.10737668361430741
M-2022-7,163,1276,0.12,0.02821316614420063,0.04568527918781726,-0.4078784357149905,-0.3377564156048488,-0.4762829117191534
M-2022-7,164,1702,0.2250050906129098,0.6492361927144535,0.3341902313624679,-0.539309306957015,-0.2068724045706143,-0.6666065964747434
M-2022-7,165,5683,0.770854788877446,0.7902516276614464,0.7804327048396906,-0.16801058277668734,-0.12493384374504513,-0.21335464390875802
M-2022-7,166,1530,0.6203492786636294,0.5339869281045752,0.5739374780470671,-0.22350140437435317,-0.35293581682421205,-0.10400743617598984
M-2022-7,167,23,0.019455252918287938,0.21739130434782608,0.03571428571428571,-0.8524796157712499,-0.6329080968497788,-0.9101683150031523
M-2022-7,168,2156,0.6869498660543437,0.8325602968460112,0.7527783602432375,-0.009925018980792566,0.05605672905803971,-0.06243527905141133
M-2022-7,169,2090,0.8778821520068317,0.9837320574162679,0.927797833935018,-0.04481915046706175,0.013133648561200473,-0.09676182159511337
M-2022-7,170,1882,0.5824829931972789,0.7279489904357067,0.6471421823334907,-0.23633181712199525,-0.13188142821824134,-0.32597165405916007
M-2022-7,171,6243,0.7180790034420587,0.7017459554701265,0.7098185353208036,-0.031844907619235086,0.024959736887805173,-0.1022187887879602
M-2022-7,172,5217,0.847211155378486,0.8152194747939429,0.8309074924294226,-0.018806905837270294,-0.026481877963601352,-0.010670324138947418
M-2022-7,173,1718,0.9952988582941572,0.8626309662398137,0.9242282507015903,-0.04799968593696147,-0.09019161440534762,0.002858707097181168
M-2022-7,174,1067,0.0,0.0,0.0,-0.9677341969533405,-0.9500706547338672,-0.9860669762894158
M-2022-7,175,32188,0.729845880260818,0.7650366596247049,0.747027059822837,-0.052359979634147624,-0.07471604638777829,-0.03287814693639768
M-2022-7,176,1623,0.5485122897800776,0.7837338262476895,0.6453576864535768,-0.16020441583254152,-0.00948965947985747,-0.26977834943466983
M-2022-7,177,1188,0.37458962573867366,0.9604377104377104,0.5389702409069438,-0.4152950850742434,0.005242905242905271,-0.5787480281822597
M-2022-10,0,1642,0.9252396166134186,0.881851400730816,0.9030246336139695,-0.0058102836686775294,-0.031161329113597036,0.02054445193226928
M-2022-10,1,4956,0.8567593480345158,0.9015334947538337,0.8785763445088979,-0.07333683726675932,-0.041294526002281895,-0.10441578893884518
M-2022-10,2,5086,0.40220765781303897,0.6877703499803381,0.5075818036711891,-0.1828927516478137,0.024840111288527478,-0.31819933559481434
M-2022-10,3,1139,0.8167655786350149,0.9666374012291484,0.8854041013268998,-0.057791903666857936,0.01811260524672531,-0.12116117493419676
M-2022-10,4,972,0.8296557811120918,0.9670781893004116,0.8931116389548693,-0.06984152325735615,-0.006697566653562248,-0.1227127088120118
M-2022-10,5,2902,0.532555615843733,0.6764300482425913,0.5959319975713419,-0.35190845557947237,-0.2829583894067159,-0.40401154833537145
M-2022-10,6,2429,0.33285968028419183,0.3857554549197201,0.35736079328756676,-0.6189165789752069,-0.5944570771433066,-0.6395140020131547
M-2022-10,7,39,0.25,0.02564102564102564,0.046511627906976744,-0.6295447101211923,-0.641025641025641,-0.4357142857142857
M-2022-10,8,1940,0.9035639412997903,0.8886597938144329,0.896049896049896,0.01530988944269418,0.04177288148914704,-0.013848309216383137
M-2022-10,9,1291,0.5057471264367817,0.20449264136328427,0.2912300055157198,-0.3691473529748462,-0.4063670871435031,-0.21288405227044271
M-2022-10,10,1434,0.7194968553459119,0.398884239888424,0.5132346343651862,-0.3114765660366219,-0.41398704724028884,-0.1174042659588791
M-2022-10,11,2001,0.30226480836236935,0.17341329335332334,0.2203874245792315,-0.5684548069744577,-0.6070021369137389,-0.4951881934569151
M-2022-10,12,2580,0.7142210144927537,0.6112403100775193,0.6587301587301587,-0.1784290952153219,-0.2259189438679613,-0.12293823945272697
M-2022-10,13,1607,0.300739787713091,0.5818294959551961,0.39652247667514845,-0.15811669858258354,-0.060788755358707425,-0.18710932363982885
M-2022-10,14,10007,0.41714285714285715,0.3063855301289098,0.35328685832805207,-0.4317841842975233,-0.44796501308808856,-0.40125705941080925
M-2022-10,15,951,0.8444976076555024,0.7423764458464774,0.7901510912143257,-0.026382628872693936,-0.007290664672830127,-0.05199920763112176
M-2022-10,16,2405,0.37068160597572364,0.16507276507276508,0.2284234752589183,-0.28970440872262426,-0.22636149787544207,-0.3954002653693056
M-2022-10,17,11892,0.9212100495641771,0.9064917591658258,0.9137916419428669,-0.007084896852658451,0.005722297788789743,-0.020691726820357914
M-2022-10,18,43004,0.8917678986818299,0.9627709050320901,0.9259101887467573,0.00017560689335083257,0.047464875660567674,-0.044635610090099864
M-2022-10,19,29160,0.8097567366903962,0.6358367626886146,0.7123345563516914,-0.1869221617729513,-0.25881625210091896,-0.0941513092866153
M-2022-10,20,2388,0.5920745920745921,0.8509212730318257,0.6982817869415807,-0.13479978405539816,-0.010124784735543457,-0.2148017795420868
M-2022-10,21,3959,0.9112860892388451,0.8769891386713816,0.8938087269918908,-0.031283523930618395,-0.07988109033625201,0.01592894638170228
M-2022-10,22,1178,0.7078066914498141,0.8081494057724957,0.7546571541815299,-0.19881883857903648,-0.1577694898271591,-0.23354289862796596
M-2022-10,23,8236,0.8797653958944281,0.9470616804273919,0.9121740147351187,-0.02711739427977644,0.006563238059790644,-0.05832207400380851
M-2022-10,24,12024,0.9547882487600152,0.8325016633399867,0.8894615247911853,-0.06290558283104652,-0.12594952167903217,0.00842846447650214
M-2022-10,25,46993,0.8952174853927721,0.8803013214734109,0.8876967479587566,-0.03876565758393535,-0.06579175549196481,-0.012412330499893431
M-2022-10,26,1400,0.47703703703703704,0.69,0.5640875912408759,-0.2951748080808706,-0.19399476668120375,-0.35883925162275676
M-2022-10,27,10235,0.9748666393106278,0.9284807034684904,0.9511084421758494,-0.042056904843983944,-0.06471025908180361,-0.01827309350001849
M-2022-10,28,11735,0.6979026620059156,0.4423519386450788,0.54149063787618,-0.33231282753033886,-0.43892632116183794,-0.16855174145437524
M-2022-10,29,34921,0.8156613206934614,0.7194524784513616,0.7645420933311018,-0.13611771843833254,-0.18740348890438652,-0.07888643220897029
M-2022-10,30,991,0.9107142857142857,0.3087790110998991,0.4611906556141673,-0.5246485267525364,-0.6758477260787996,-0.07634033147225106
M-2022-10,31,1938,0.924422236102436,0.7636738906088751,0.8363944617123481,-0.13604897148193829,-0.20120758436917574,-0.05570262056720343
M-2022-10,32,1783,0.38412228796844183,0.4369040942232193,0.40881658357386513,-0.2685362902525604,-0.19758754026841518,-0.3423020735246819
M-2022-10,33,124,0.5,0.45161290322580644,0.4745762711864407,-0.008182349503214503,0.07416192283364959,-0.16956521739130437
M-2022-10,34,1682,0.7705078125,0.4690844233055886,0.5831485587583148,-0.34633317446173617,-0.4611876855379488,-0.15818488699066213
M-2022-10,35,2194,0.967911877394636,0.9211485870556062,0.9439514245679589,0.055723124924677125,0.06743430134132045,0.042261319773818196
M-2022-10,36,2648,0.9768307819611088,0.8916163141993958,0.9322803553800593,0.20680959224824558,0.005417766983899397,0.36273682222956527
M-2022-10,37,1115,0.9668292682926829,0.8887892376681614,0.9261682242990654,0.13664699575344663,0.2296640491312082,-0.017404965941551387
M-2022-10,38,92,0.4098360655737705,0.2717391304347826,0.32679738562091504,-0.44357298474945533,-0.40358554488989273,-0.48671565856416055
M-2022-10,39,4329,0.8869893428063943,0.9228459228459228,0.9045624363183516,-0.039513179750062855,-0.03317048554058588,-0.04544008595555282
M-2022-10,40,981,0.9488,0.6044852191641182,0.7384806973848069,-0.21009577579992056,-0.3162517131409375,-0.0293520254893036
M-2022-10,41,2408,0.66925536774783,0.6083887043189369,0.6373721992603872,-0.2263735879326797,-0.23743873556790895,-0.21318437647253397
M-2022-10,42,2235,0.639269406392694,0.2505592841163311,0.3600128576020572,-0.48429344361297527,-0.5618387582980245,-0.23955412301907064
M-2022-10,43,2062,0.7376325088339223,0.8098933074684772,0.77207582061951,-0.052363880554449516,0.05328214194448111,-0.167994689290345
M-2022-10,44,1081,0.9857006673021925,0.9565217391304348,0.9708920187793427,0.00013992964285247655,-0.001553862244135673,0.0019321422492637463
M-2022-10,45,1536,0.7743813682678311,0.6927083333333334,0.7312714776632302,-0.1927239299142669,-0.22517487834549876,-0.1558081832809437
M-2022-10,46,11714,0.6789306751246036,0.6395765750384156,0.6586663150028572,-0.12305459011666375,-0.17314030595770602,-0.07407168894159022
M-2022-10,47,34,0.0,0.0,0.0,-0.9816791880848821,-0.9700442823651992,-0.9935965848452508
M-2022-10,48,2986,0.0,0.0,0.0,-0.9893564110215856,-0.9944011197760448,-0.984362628661916
M-2022-10,49,42912,0.8615938127172157,0.8203532811334825,0.8404679479527277,-0.0945100784156302,-0.11062633099978458,-0.07741712117785904
M-2022-10,50,3110,0.43672456575682383,0.11318327974276528,0.1797752808988764,-0.5083800589069488,-0.47150655747676834,-0.3993874191440884
M-2022-10,51,16876,0.8225907058945836,0.9377222090542783,0.8763914271473666,-0.05596191435256537,-0.0031256986464817116,-0.10142008547232284
M-2022-10,52,2218,0.6196111580726965,0.6609558160504959,0.6396160558464223,-0.2434949547798494,-0.1878055920329461,-0.30074699461344867
M-2022-10,53,11906,0.9234292628122029,0.8974466655467831,0.9102525876389658,-0.03716930720482392,-0.056517528826618424,-0.01753945565399284
M-2022-10,54,6595,0.742696053305997,0.21971190295678544,0.3391060145097122,-0.4773872417523302,-0.5752753400268555,-0.09649913047093583
M-2022-10,55,5643,0.9834661942722173,0.5902888534467482,0.7377630121816169,-0.25275716283053673,-0.40446276378747614,-0.0028583851783454683
M-2022-10,56,10706,0.12987012987012986,0.0009340556697179152,0.001854771399425021,-0.9586807466343445,-0.9515129425470445,-0.8388924658573993
M-2022-10,57,2065,0.9912536443148688,0.9878934624697336,0.9895707009459132,-0.0029471910514843325,-0.00753883769339847,0.0016331448014079708
M-2022-10,58,2316,0.996122361051271,0.998272884283247,0.997196463230537,0.005732247866124696,0.0074592359892837745,0.00400672373195432
M-2022-10,59,8856,0.9804639804639804,0.9974028906955736,0.9888609012034705,0.024828879555032102,0.06290857416977946,-0.0150339625617123
M-2022-10,60,59907,0.9054916326986912,0.8788288513863155,0.8919610334603981,-0.019287186757921737,-0.03044526090258859,-0.007739285997040213
M-2022-10,61,22920,0.5406811113143932,0.9025741710296684,0.6762557002991124,-0.09077325126089886,0.07044365669748709,-0.17069358454935368
M-2022-10,62,24087,0.9378723404255319,0.960767218831735,0.9491817398794143,0.011728398323375577,0.03202582067108162,-0.00845793480382584
M-2022-10,63,12148,0.6602842809364549,0.6500658544616398,0.655135224821636,-0.09219294460673932,-0.03339899489273612,-0.16407219754072444
M-2022-10,64,4110,0.8770429972340961,0.848661800486618,0.8626190181773217,0.05450865028434504,0.05547345415916616,0.05343839561500785
M-2022-10,65,3253,0.9042991755005889,0.9440516446357209,0.9237479320198526,-0.041932168735814845,-0.031147083504183715,-0.05204631873077992
M-2022-10,66,4226,0.8160112359550562,0.5499290108849977,0.6570540005654509,-0.24097480913887048,-0.37024966458596753,-0.06090899354707224
M-2022-10,67,4304,0.32904884318766064,0.17843866171003717,0.23139499849352216,-0.22199483201495243,-0.19743955843047803,-0.24212553403653864
M-2022-10,68,3689,0.37958204864679684,0.9010571970723773,0.5341475172746264,-0.2355095662030321,0.13706324850959362,-0.3958227531399145
M-2022-10,69,1232,0.04983388704318937,0.012175324675324676,0.019569471624266144,-0.8078953171081282,-0.7898724568946413,-0.8047115675022651
M-2022-10,70,1735,0.7647058823529411,0.4046109510086455,0.5292122125895213,-0.2164500811049349,-0.26230804974835675,-0.08078356102517792
M-2022-10,71,63797,0.6857286665634196,0.8328448046146371,0.7521605877648091,-0.1425610367645077,-0.057756769598256485,-0.2131513053345484
M-2022-10,72,10327,0.4473103013093548,0.5491430231432168,0.4930232558139535,-0.32822151971133723,-0.25857509766215225,-0.38792190041408514
M-2022-10,73,13787,0.8624923682246795,0.922173061579749,0.8913348289399888,-0.08961771441556943,-0.06249025018636656,-0.11477727026404028
M-2022-10,74,3353,0.5762902019446522,0.4595884282731882,0.5113655218184835,-0.226104790586364,-0.1978491395878324,-0.2633991615278204
M-2022-10,75,11581,0.46754044644685644,0.39426647094378725,0.42778844802548366,-0.3889599919306922,-0.5223051612728913,-0.268992673058284
M-2022-10,76,4405,0.8892725598526704,0.8769580022701475,0.8830723511258429,-0.013626370000359156,0.017412245356719813,-0.04793601956915117
M-2022-10,77,27623,0.8062347739781648,0.6469608659450458,0.7178694089055816,-0.1669692987855893,-0.2300102808596215,-0.08661393680158047
M-2022-10,78,16173,0.8024810386939195,0.7719656217152043,0.7869276102234408,-0.15949321636621572,-0.15981800218864706,-0.15904419559375993
M-2022-10,79,12335,0.8643737166324436,0.6825293879205513,0.7627633069082673,-0.04591892742976378,-0.10039627537321016,0.028182592095150394
M-2022-10,80,1260,0.5414634146341464,0.2642857142857143,0.3552,-0.467595773428027,-0.5149137607799026,-0.33009621839337655
M-2022-10,81,3661,0.9014560582423297,0.9470090139306201,0.9236712401758359,-0.04916419067486211,-0.03303809705732508,-0.06427305153374896
M-2022-10,82,35248,0.7084037938386883,0.820046527462551,0.7601477955582439,-0.12992377259487053,-0.0696393120782044,-0.1820538375417492
M-2022-10,83,32633,0.9359566962656611,0.9431557012839763,0.9395424088404536,-0.02306947073643817,-0.022520570040813537,-0.023610178582258445
M-2022-10,84,1777,0.9440133037694013,0.9583567810917276,0.9511309690030718,0.017851551291789947,-0.0045134733930449755,0.03856018489925617
M-2022-10,85,1115,0.8631677600749765,0.8260089686098655,0.844179651695692,-0.0901850927956348,-0.13216410831321146,-0.0485431273907142
M-2022-10,86,52904,0.8954764508160208,0.8359292303039467,0.8646788542379509,0.022088489447367743,0.015906895205420102,0.029040701729540874
M-2022-10,87,7329,0.9016814272878962,0.9585209441942967,0.9292328042328042,-0.033140822140822146,-0.016191904171832805,-0.04866148442318974
M-2022-10,88,229,0.18661971830985916,0.462882096069869,0.2659974905897114,-0.16158871630684035,0.006999743128692559,-0.21597768428754346
M-2022-10,89,613,0.8040201005025126,0.7830342577487766,0.7933884297520661,0.02668750477775983,0.01554454581462017,0.03810634280230729
M-2022-10,90,6090,0.8570139828597203,0.9359605911330049,0.894749234753944,-0.05275681218336403,-0.013220810307728592,-0.08882261332926433
M-2022-10,91,3610,0.9200881785615872,0.9249307479224377,0.9225031081641111,-0.006227665582513309,-0.003037342176107627,-0.009406533541820528
M-2022-10,92,1810,0.9513677811550152,0.8646408839779005,0.9059334298118669,-0.05673323685479981,-0.08203743770042116,-0.027836558808818412
M-2022-10,93,34838,0.8332507296657304,0.8686491761869223,0.8505818202259824,-0.006359200636159135,0.049764883414315175,-0.06545671043515233
M-2022-10,94,350,0.6026058631921825,0.5285714285714286,0.563165905631659,-0.04596107849532505,0.043579327465583406,-0.2160608034744842
M-2022-10,95,4023,0.8509438055977435,0.974894357444693,0.9087117701575533,-0.08161457831353058,-0.012700967406470864,-0.14212871272204186
M-2022-10,96,61021,0.7592972621252315,0.7458088199144557,0.7524926007374461,-0.18577256780187978,-0.201069751902885,-0.17050979636294794
M-2022-10,97,45643,0.8347020425352706,0.7816313563963806,0.8072954380883418,-0.16138475886133996,-0.18833016356513932,-0.1327002122020765
M-2022-10,98,59567,0.9973316670325773,0.9914046367955411,0.9943593197507998,0.0017459607978443925,-0.004266632438873819,0.0077574929338459775
M-2022-10,99,27230,0.9327771243751838,0.9320235034887991,0.9324001616517874,0.03673430678422562,0.06460542793046065,0.006961761694734614
M-2022-10,100,27178,0.8964681943704278,0.6808448009419383,0.7739183169869717,-0.20993686892300878,-0.30804190244122454,-0.08240641622147249
M-2022-10,101,55343,0.9763142311994211,0.5362557143631534,0.6922709089000595,-0.29934215861433633,-0.45927447745924177,-0.011412416702653916
M-2022-10,102,56050,0.8635510830632782,0.9936306868867083,0.9240354064524693,-0.06712278864292587,0.002305005646017877,-0.1274396824713948
M-2022-10,103,2918,0.5633976200246205,0.4705277587388622,0.5127917833800186,-0.3936554045486508,-0.45392663409829503,-0.3257304747008909
M-2022-10,104,2391,0.05790645879732739,0.010874111250522794,0.018309859154929577,-0.6951562225190495,-0.6177313005841486,-0.7669082115109052
M-2022-10,105,4902,0.4777749555499111,0.38372093023255816,0.42561375721235434,-0.32014895465205245,-0.29043637313822834,-0.35661189653605596
M-2022-10,106,2736,0.926950354609929,0.9554093567251462,0.9409647228221742,-0.038136766353148,-0.024305143650511285,-0.0515388900123821
M-2022-10,107,3189,0.927536231884058,0.9833803700219504,0.9546423135464231,-0.00841404756819042,-0.0026769498850983675,-0.013567760230284054
M-2022-10,108,5587,0.8207282913165266,0.6817612314301056,0.7448181462651545,-0.20506921718959958,-0.2763113056529777,-0.12111257179878021
M-2022-10,109,1824,0.959837019790454,0.9040570175438597,0.9311123658949746,-0.01820380466013405,-0.043987974421860754,0.009246257169616134
M-2022-10,110,8030,0.7913942707714252,0.8291407222914072,0.8098278902876604,-0.0837806050038643,-0.08032094165639048,-0.0869042719619344
M-2022-10,111,2242,0.47848699763593383,0.4513826940231936,0.464539820977737,-0.19827550734885652,-0.1595509233002001,-0.24583960169066554
M-2022-10,112,1706,0.7352445193929174,0.7667057444314185,0.7506456241032998,-0.1563068066337624,-0.14119587775591802,-0.1707607025391975
M-2022-10,113,4746,0.9890480202190396,0.989464812473662,0.9892563724457553,-0.0006928762357055751,0.0029515240960340527,-0.00436120686304553
M-2022-10,114,820,0.9547079856972587,0.9768292682926829,0.9656419529837251,-0.0009592257982001806,0.01618042479613735,-0.0179197515290187
M-2022-10,115,21104,0.8955358564679654,0.7994219105382866,0.8447537741281326,-0.04783314911700187,-0.08877549567635346,-0.0014841857261274072
M-2022-10,116,4100,0.9075274177467597,0.8880487804878049,0.8976824457593688,0.005958056404647749,-0.023957185209436016,0.03520216810339305
M-2022-10,117,83533,0.6089020106136482,0.7801946536099506,0.6839870910188125,-0.1685661344348085,-0.06867979303222704,-0.24736201798390767
M-2022-10,118,2917,0.8113372093023256,0.9568049365786767,0.8780871480257983,-0.08178486903859306,-0.0006418719319616351,-0.15097233360064155
M-2022-10,119,2621,0.9142136248948697,0.8294544067149943,0.8697739547909582,-0.03235220932782579,-0.07251326721332618,0.011928914877294972
M-2022-10,120,2381,0.8218947368421052,0.8198236035279295,0.8208578637510513,-0.08533864429413873,-0.08730456645150853,-0.08337202102383179
M-2022-10,121,205,0.01834862385321101,0.00975609756097561,0.012738853503184714,-0.9394539556631527,-0.9379434698790559,-0.9383802368057806
M-2022-10,122,57235,0.872205177196818,0.8294749716082817,0.8503035839019935,-0.050673891661117465,-0.06786491703821984,-0.03243949701949578
M-2022-10,123,8886,0.9034129692832764,0.2978843124015305,0.4480365605958023,-0.3480799442585666,-0.4029703884531703,-0.01793534532346519
M-2022-10,124,24809,0.8728307813113467,0.8960860977870934,0.884305574892102,-0.02761101710920122,-0.021826797398529107,-0.033167341240687764
M-2022-10,125,3524,0.5444140758455757,0.9043700340522134,0.6796758370654724,-0.20295198041666063,-0.0073278648688541725,-0.3109402129130817
M-2022-10,126,807,0.7580645161290323,0.7571251548946716,0.7575945443273404,-0.1412493863084977,-0.1263975723780557,-0.1566413662239089
M-2022-10,127,8546,0.8852242744063324,0.7066463842733443,0.7859187922956793,-0.1023465980327577,-0.1897560141277217,0.004949495211042931
M-2022-10,128,4543,0.9061013443640125,0.964340744001761,0.9343143527404564,-0.00539896935060602,0.012590103523537177,-0.021875341730908437
M-2022-10,129,31048,0.8512558636660531,0.923473331615563,0.885895257222308,-0.0634356024222501,-0.02631954703169692,-0.09761342624801295
M-2022-10,130,6353,0.7447337432945179,0.8959546670864159,0.813375250071449,-0.03327292688857264,0.01355195981061219,-0.06894458202078568
M-2022-10,131,26225,0.905212219718518,0.9344137273593899,0.9195812068447914,0.009985374034448768,-0.014952532097591065,0.03218869774761168
M-2022-10,132,18623,0.9328541274459468,0.8780540192235408,0.9046249170170392,-0.0016680836251037334,0.024791506808288344,-0.03349790463699942
M-2022-10,133,46808,0.7569192737476824,0.9681251068193472,0.8495926957076033,-0.07323375671590449,0.004384578266399486,-0.1283255147360549
M-2022-10,134,8353,0.9207689743304812,0.991978929725847,0.9550484094052559,0.040439767924367764,0.034910574352406853,0.04501268971181904
M-2022-10,135,2978,0.4332175560467319,0.46071188717259903,0.4465419039869813,-0.27189158689755616,-0.23267358040641695,-0.31214146321771646
M-2022-10,136,17861,0.8202931876976143,0.798891439449079,0.8094508736101657,-0.07599497390955168,-0.12067708619768491,-0.03347177240876875
M-2022-10,137,600,0.49292929292929294,0.4066666666666667,0.445662100456621,-0.522906564920555,-0.5730349718757641,-0.4647565784548811
M-2022-10,138,17872,0.686334539382132,0.5519247985675918,0.6118347599553405,-0.28252442806401,-0.33366113803711583,-0.21697346763131042
M-2022-10,139,1906,0.19060331019754403,0.18730325288562436,0.18893887271765017,-0.5164077287328473,-0.5474121371354579,-0.4876321747197443
M-2022-10,140,39024,0.7984483190122633,0.7357779827798278,0.7658331666333267,-0.13445593876488726,-0.18849772205251392,-0.07906768441940037
M-2022-10,141,1846,0.6685254027261462,0.5845070422535211,0.6236994219653179,-0.17490650285419918,-0.20876694389880335,-0.13548462233651037
M-2022-10,142,27783,0.6556029326052947,0.7692473814922794,0.7078930807194197,-0.1734937506238884,-0.08796621508301927,-0.2513600553953813
M-2022-10,143,4318,0.553670573719926,0.41570171375636866,0.4748677248677249,-0.22274532539016167,-0.24761945412684305,-0.18197324110425817
M-2022-10,144,2456,0.9888198757763975,0.9723127035830619,0.9804968179018682,0.006130776005506489,0.0016921654172189493,0.010679311304897743
M-2022-10,145,1504,0.9953271028037384,0.9913563829787234,0.9933377748167888,-0.001058100547479346,-0.005945775294657896,0.0038206209083427867
M-2022-10,146,5568,0.9769353733729161,0.7683189655172413,0.8601588418618679,-0.1097007782867696,-0.21186046281574433,0.01718052148323279
M-2022-10,147,801,0.42443729903536975,0.1647940074906367,0.23741007194244604,-0.704010592264196,-0.7616699053554823,-0.5324309616303593
M-2022-10,148,5342,0.8312228654124457,0.8601647323099962,0.8454461821527139,-0.05686629931778708,-0.03340543797773132,-0.08000467949773393
M-2022-10,149,56482,0.6733600602230353,0.6809780106936724,0.6771476105384541,-0.23171652722147185,-0.23242469033336488,-0.23101039417077263
M-2022-10,150,1195,0.8720316622691293,0.5531380753138075,0.6769073220686124,-0.2729298114818762,-0.3956688661178628,-0.07883790294826198
M-2022-10,151,2077,0.7241242038216561,0.8757823784304285,0.7927653083460449,-0.0013672156802576607,0.0989392314734765,-0.08808479773033562
M-2022-10,152,618,0.9413629160063391,0.9611650485436893,0.9511609287429944,-0.005387049530994781,0.013765168089415525,-0.02451155078220446
M-2022-10,153,90325,0.8540315645120052,0.8135732078605037,0.8333115988456152,-0.05892766686474371,-0.09656163214907743,-0.021002301648926802
M-2022-10,154,3149,0.69593147751606,0.51603683709114,0.5926331145149526,-0.15146476589173363,-0.20894637311705344,-0.06831631009455952
M-2022-10,155,9885,0.6473944465576265,0.6887202832574608,0.6674182638105975,-0.1297876646360957,-0.10730940466170225,-0.1509912036665888
M-2022-10,156,24907,0.758657267998905,0.8901513630706227,0.8191609244240823,-0.03465664969668947,0.020436799432601016,-0.07983402793919947
M-2022-10,157,1745,0.3922702373706634,0.7386819484240688,0.5124229775392566,-0.29780456175232206,-0.09360720820243729,-0.3970350642746748
M-2022-10,158,11346,0.7310911100584241,0.8161466596157236,0.7712810261535898,-0.15242208637633836,-0.10652553426182743,-0.19364522742959123
M-2022-10,159,2457,0.4883351007423118,0.37484737484737485,0.4241307851715404,-0.12860322780343642,-0.09372584953980301,-0.18541094534896707
M-2022-10,160,2407,0.5006317917614355,0.8230162027420025,0.6225644248900063,-0.04504519321466127,0.2151604397027237,-0.2397603651013096
M-2022-10,161,929,0.9898605830164765,0.8406889128094726,0.9091967403958091,-0.07691437071530205,-0.14314480543533115,0.001461511090722456
M-2022-10,162,255,0.5077519379844961,0.5137254901960784,0.5107212475633528,-0.11289126505016889,-0.12207697893972413,-0.10412925013431573
M-2022-10,163,2116,0.12101910828025478,0.04489603024574669,0.06549465701482247,-0.3880690578879853,-0.32107355150330275,-0.4752638034388986
M-2022-10,164,2237,0.1521690767519466,0.6115333035315155,0.24369822748730738,-0.6298013108321755,-0.24457529375355236,-0.7394426103357066
M-2022-10,165,6592,0.6192147192716236,0.9904429611650486,0.7620214752567693,-0.18642181235960864,0.07525748975855706,-0.36499471351458035
M-2022-10,166,3035,0.681246857717446,0.4464579901153213,0.5394108280254777,-0.25802805439594256,-0.4404647548134659,-0.0431098571221733
M-2022-10,167,125,0.10569105691056911,0.208,0.14016172506738545,-0.7480321764181501,-0.6422994011976049,-0.8239325110108712
M-2022-10,168,4172,0.6897884458909682,0.8127996164908916,0.7462588028169014,-0.016444576407128708,0.036296048702920136,-0.05959669921478683
M-2022-10,169,2044,0.8016771488469602,0.9354207436399217,0.863400316098442,-0.10921666830363774,-0.03517766521514576,-0.17296682475498493
M-2022-10,170,3079,0.6310566258026854,0.7021760311789542,0.6647194465795542,-0.21875455287593182,-0.15765438747499383,-0.2773980214537536
M-2022-10,171,7488,0.6591992373689228,0.7387820512820513,0.6967254408060454,-0.04493800213399335,0.06199583269972997,-0.16109855486109603
M-2022-10,172,8866,0.8161199384930805,0.7183622828784119,0.7641271745650869,-0.08558722370160599,-0.12333906987913235,-0.04176154102435292
M-2022-10,173,1393,0.9706227967097533,0.592964824120603,0.7361853832442068,-0.236042553394345,-0.3598577565245583,-0.021817354487222773
M-2022-10,174,2702,0.0,0.0,0.0,-0.9677341969533405,-0.9500706547338672,-0.9860669762894158
M-2022-10,175,36003,0.5877624045801527,0.6843596366969419,0.6323935166767193,-0.16699352278026536,-0.1553930693155413,-0.17496162261706294
M-2022-10,176,3404,0.5274602107150863,0.6912455934195064,0.5983471074380166,-0.2072149948481018,-0.10197789230804055,-0.2908304284996611
M-2022-10,177,1613,0.4778660612939841,0.7830130192188469,0.5935150375939849,-0.36075028838720224,-0.17218178597595823,-0.47547159262694916
M-2022-12,0,950,0.9036544850498339,0.8589473684210527,0.8807339449541285,-0.028100972328518492,-0.05406536142336038,-0.0010406796313153777
M-2022-12,1,3117,0.7545114061967995,0.7109400064164261,0.7320779649818302,-0.219835216793827,-0.23188801433968953,-0.20666373077656153
M-2022-12,2,3678,0.38136422976501305,0.6353996737357259,0.47664695084642056,-0.21382760447258226,-0.027530564956084747,-0.33904276364284025
M-2022-12,3,743,0.8551068883610451,0.9690444145356663,0.9085173501577287,-0.034678654836029055,0.020519618553243135,-0.08281986520816653
M-2022-12,4,869,0.6099185788304959,0.9482163406214039,0.7423423423423423,-0.22061081986988318,-0.02555941533256989,-0.3424499110936077
M-2022-12,5,1080,0.31640788921527485,0.6981481481481482,0.4354605833092694,-0.5123798698415448,-0.2612402895011591,-0.6201592749638296
M-2022-12,6,1684,0.6045081967213115,0.3503562945368171,0.44360902255639095,-0.5326683497063827,-0.6298562375262096,-0.36786548557603493
M-2022-12,7,33,0.08860759493670886,0.21212121212121213,0.125,-0.551056338028169,-0.4545454545454545,-0.5971066907775768
M-2022-12,8,1142,0.9138431752178122,0.8266199649737302,0.8680459770114942,-0.012694029595707645,-0.020266947351555653,-0.0035690752983612573
M-2022-12,9,910,0.4222222222222222,0.16703296703296702,0.23937007874015748,-0.4210072797504085,-0.4438267614738204,-0.29640895648500215
M-2022-12,10,1004,0.47342995169082125,0.09760956175298804,0.16184971098265896,-0.6628614894191491,-0.7152617253757247,-0.36347116961396975
M-2022-12,11,1749,0.3073073073073073,0.1755288736420812,0.22343522561863174,-0.5654070059350575,-0.604886556624981,-0.49014569451197715
M-2022-12,12,263,0.18322295805739514,0.3155893536121673,0.23184357541899442,-0.6053156785264862,-0.5215699003333134,-0.6539362958880854
M-2022-12,13,1090,0.3163265306122449,0.5403669724770642,0.3990514905149051,-0.15558768474282686,-0.10225127883683927,-0.17152258074067495
M-2022-12,14,5821,0.2455731593662628,0.271602817385329,0.2579329472224488,-0.5271380954031266,-0.48274772583166936,-0.5728267571874036
M-2022-12,15,715,0.8353115727002968,0.7874125874125875,0.8106551475881929,-0.0058785724988267285,0.037745476893279895,-0.061185242586327404
M-2022-12,16,1186,0.31203566121842496,0.17706576728499157,0.22592791823561054,-0.292199965745932,-0.21436849566321559,-0.4540462101266043
M-2022-12,17,8301,0.7706980101041344,0.9004939163956149,0.8305555555555556,-0.09032098323996973,-0.0002755449814211275,-0.17120376628040057
M-2022-12,18,25658,0.8863206217533122,0.857822121755398,0.8718385454833535,-0.053896036370053024,-0.05748390761612443,-0.05008288701861763
M-2022-12,19,22936,0.7239438324658032,0.521494593651901,0.6062648892493284,-0.2929918288753143,-0.37315842113763253,-0.17996421351120828
M-2022-12,20,1125,0.4394394394394394,0.7804444444444445,0.5622798591098302,-0.27080171188714863,-0.0806016133229247,-0.3674369321772395
M-2022-12,21,2095,0.8748010610079575,0.7871121718377089,0.828643216080402,-0.0964490348421072,-0.16975805716992476,-0.020556081849185337
M-2022-12,22,743,0.6345062429057888,0.7523553162853297,0.6884236453201971,-0.2650523474403693,-0.21356357931432512,-0.30684334717199124
M-2022-12,23,5114,0.8133166278861643,0.8885412592882284,0.8492664236987197,-0.09002498531617542,-0.051957183079372915,-0.12477084201207234
M-2022-12,24,4154,0.8084722848129788,0.43187289359653347,0.5630001569119724,-0.3893669507102595,-0.5265782914224854,-0.13788749947053425
M-2022-12,25,34385,0.8670064600248918,0.8508942852988222,0.8588748146952195,-0.06758759084747246,-0.09519879166655354,-0.04062335586777377
M-2022-12,26,807,0.02727272727272727,0.022304832713754646,0.024539877300613498,-0.8347225220211331,-0.8616899339674491,-0.8086035613870666
M-2022-12,27,7371,0.9729144095341279,0.8528015194681862,0.9089068825910931,-0.0842584644287403,-0.14038944308210788,-0.02022532327651838
M-2022-12,28,5815,0.4132721877528999,0.26345657781599313,0.3217811384162991,-0.5520223269902198,-0.6178216819909237,-0.45318221570739087
M-2022-12,29,30274,0.8564464305499132,0.7660038316707406,0.8087042946068944,-0.09195551716253991,-0.14085213568500754,-0.03810132235251851
M-2022-12,30,645,0.9610619469026549,0.8418604651162791,0.8975206611570248,-0.08831852120967887,-0.14276627206241965,-0.025992670283881858
M-2022-12,31,952,0.8312274368231047,0.967436974789916,0.8941747572815534,-0.07826867591273301,0.002555499811865092,-0.1488974198465347
M-2022-12,32,998,0.2840605520926091,0.3196392785571142,0.3008015087223008,-0.3765513651041247,-0.31485235593452027,-0.4423638094005146
M-2022-12,33,630,0.9164420485175202,0.5396825396825397,0.6793206793206793,0.1965620586310241,0.1622315592903828,0.24687683112621583
M-2022-12,34,1240,0.772020725388601,0.4806451612903226,0.5924453280318092,-0.33703640518824185,-0.4496269475532148,-0.15667197410206113
M-2022-12,35,930,0.9227340267459139,0.667741935483871,0.7747972551466001,-0.11343104449668162,-0.1859723502304148,-0.0029165308749039554
M-2022-12,36,216,0.5757575757575758,0.2638888888888889,0.3619047619047619,-0.3635660012270518,-0.6223096583266075,-0.03833638397396777
M-2022-12,37,866,0.9672346002621232,0.8521939953810623,0.9060773480662984,0.11655611952067957,0.1930688068441091,-0.016999633972111128
M-2022-12,38,193,0.3333333333333333,0.05181347150259067,0.08968609865470852,-0.6806842717156618,-0.6235112038220847,-0.5632183908045978
M-2022-12,39,4483,0.848586017282011,0.9638634842739238,0.9025587467362924,-0.041516869332122064,0.007847075887415067,-0.08384341147993613
M-2022-12,40,737,0.875609756097561,0.4871099050203528,0.6259808195292066,-0.3225956536555209,-0.4336270272847029,-0.1025422693917426
M-2022-12,41,1636,0.6656210790464241,0.6485330073349633,0.6569659442724458,-0.20677984292062113,-0.1972944325518825,-0.21681866517393988
M-2022-12,42,1444,0.7103448275862069,0.2853185595567867,0.40711462450592883,-0.43719167670910364,-0.5270794828575689,-0.1684787018255578
M-2022-12,43,1992,0.794044665012407,0.8032128514056225,0.7986024457199901,-0.02583725545396942,0.04660168588162639,-0.11158253311186028
M-2022-12,44,1181,0.9889604415823368,0.9102455546147333,0.9479717813051146,-0.022780307831375635,-0.04783004675983715,0.0051919165294079805
M-2022-12,45,1463,0.7992982456140351,0.7785372522214627,0.788781163434903,-0.1352142441425941,-0.13934595945736938,-0.13089130593473974
M-2022-12,46,7420,0.6482739498128379,0.630188679245283,0.6391033964327205,-0.14261750868680045,-0.18252820175083861,-0.10472841425335588
M-2022-12,47,618,0.0,0.0,0.0,-0.9816791880848821,-0.9700442823651992,-0.9935965848452508
M-2022-12,48,3361,0.1111111111111111,0.0008925914906277894,0.0017709563164108619,-0.9875854547051747,-0.993508528285417,-0.8732515175508049
M-2022-12,49,31563,0.8820407880133185,0.8057218895542249,0.8421558075999669,-0.09282221876839103,-0.12525772257904222,-0.056970145881756196
M-2022-12,50,1528,0.3262295081967213,0.13023560209424084,0.186155285313377,-0.5020000544924482,-0.45445423512529276,-0.509882476704191
M-2022-12,51,11645,0.7978715596330275,0.9335337054529841,0.8603878116343491,-0.07196552986558291,-0.007314202247775903,-0.12613923173387898
M-2022-12,52,1274,0.6656225528582616,0.6671899529042387,0.6664053312426499,-0.21670567938362184,-0.18157145517920337,-0.25473559982788363
M-2022-12,53,5505,0.82808181315644,0.8163487738419618,0.8221734357848518,-0.1252484590589379,-0.1376154205314397,-0.11288690530975576
M-2022-12,54,5063,0.7419580419580419,0.20955954967410625,0.3268134914523333,-0.4896797648097091,-0.5854276933095347,-0.09723714181889087
M-2022-12,55,4063,0.9752616555661275,0.5045532857494462,0.6650446066504461,-0.32547556836170755,-0.4901983314847781,-0.011062923884435194
M-2022-12,56,12137,0.008818342151675485,0.00041196341764851283,0.0007871536523929471,-0.9597483643813767,-0.952035034799114,-0.9599442535758538
M-2022-12,57,2331,0.975473321858864,0.9725439725439725,0.9740064446831365,-0.01851144731426102,-0.0228883276191596,-0.014147177654596832
M-2022-12,58,15,0.0,0.0,0.0,-0.9914642153644123,-0.9908136482939632,-0.9921156373193167
M-2022-12,59,6030,0.9828354513946196,0.9875621890547264,0.9851931507982463,0.021161129149807945,0.05306787252893219,-0.012662491631073136
M-2022-12,60,24845,0.8661980317332798,0.8679412356610988,0.8670687575392039,-0.04417946267911599,-0.04133287662780527,-0.04703288696245156
M-2022-12,61,10494,0.4725672877846791,0.870020964360587,0.6124639431139733,-0.15456500844603793,0.03789045002840563,-0.2388074080790678
M-2022-12,62,11221,0.9035502958579882,0.9525888958203369,0.9274218038262982,-0.010031537729740525,0.023847497659683525,-0.04277997937136957
M-2022-12,63,5492,0.5489694599067249,0.66442097596504,0.6012027349864074,-0.1461254344419679,-0.019043873389335886,-0.27538701857045444
M-2022-12,64,1215,0.7420520231213873,0.8452674897119341,0.7903039630627164,-0.017806404830260192,0.052079143384482274,-0.08155257849770092
M-2022-12,65,2112,0.9056859205776173,0.9502840909090909,0.927449168207024,-0.038230932548643404,-0.024914637230813663,-0.05065957365375151
M-2022-12,66,1955,0.00437636761487965,0.0010230179028132991,0.001658374792703151,-0.8963704349116183,-0.9191556575681519,-0.8725438618872488
M-2022-12,67,1191,0.1589519650655022,0.1528127623845508,0.1558219178082192,-0.2975679127002554,-0.2230654577559644,-0.4122224121586971
M-2022-12,68,2499,0.6367299942429476,0.8851540616246498,0.7406663318265528,-0.02899075165110565,0.12116011306186614,-0.1386748075437637
M-2022-12,69,1866,0.03345724907063197,0.00482315112540193,0.008430913348946136,-0.8190338753834482,-0.797224630444564,-0.8210882054748225
M-2022-12,70,908,0.6404494382022472,0.2511013215859031,0.36075949367088606,-0.3849028000235702,-0.4158176791710992,-0.20504000517587184
M-2022-12,71,39434,0.5971763613971836,0.8484556474108638,0.7009773624831083,-0.19374426204620854,-0.042145926802029776,-0.3017036105007844
M-2022-12,72,5765,0.4215230166503428,0.5972246313963573,0.49422234981698127,-0.32702242570830947,-0.2104934894090118,-0.4137091850730971
M-2022-12,73,8821,0.8420943494038362,0.9207572837546764,0.8796707462363262,-0.10128179711923202,-0.06390602801143919,-0.13517528908488352
M-2022-12,74,2294,0.5941489361702128,0.486922406277245,0.5352180162913273,-0.20225229611352025,-0.1705151615837756,-0.24554042730225978
M-2022-12,75,6807,0.4407491685629267,0.36991332451887765,0.4022364217252396,-0.41451201823093625,-0.5466583076978009,-0.29578395094221377
M-2022-12,76,2683,0.8761518614080354,0.8859485650391353,0.8810229799851742,-0.015675741141027877,0.02640280812570761,-0.061056718013786204
M-2022-12,77,17960,0.8060207206620187,0.6887527839643652,0.7427868015732428,-0.14205190611792806,-0.18821836284030202,-0.08682799011772657
M-2022-12,78,10246,0.7434216867469879,0.7527815732968963,0.748072353426119,-0.19834847316353754,-0.17900205060695507,-0.2181035475406915
M-2022-12,79,7528,0.7921817574340126,0.6299149840595112,0.7017907355335208,-0.10689149880451032,-0.15301067923425027,-0.04400936710328052
M-2022-12,80,1055,0.5365296803652968,0.22274881516587677,0.31480241125251174,-0.5079933621755153,-0.5564506598997401,-0.3350299526622261
M-2022-12,81,2122,0.9318712085860943,0.9410933081998115,0.9364595545134818,-0.03637587633721617,-0.03895380278813365,-0.03385790118998433
M-2022-12,82,27579,0.8099480326651819,0.7516226114072302,0.7796960806439479,-0.11037548750916648,-0.13806322813352523,-0.08050959871525565
M-2022-12,83,19531,0.9201018869886157,0.9062516000204802,0.91312422616591,-0.04948765341098171,-0.05942467130430962,-0.03946498785930386
M-2022-12,84,1057,0.9003021148036254,0.8457899716177862,0.8721951219512195,-0.06108429576006236,-0.11708028286698635,-0.005151004066519693
M-2022-12,85,350,0.7283582089552239,0.6971428571428572,0.7124087591240876,-0.22195598536723915,-0.2610302197802198,-0.18335267851046688
M-2022-12,86,20232,0.8164908525709627,0.7919137999209174,0.8040145527537322,-0.0385758120368509,-0.02810853517760925,-0.049944896515517256
M-2022-12,87,5056,0.8681974326523233,0.9497626582278481,0.9071502786436195,-0.05522334773000681,-0.02495019013828137,-0.08214547905876268
M-2022-12,88,83,0.13134328358208955,0.5301204819277109,0.21052631578947367,-0.21705989110707807,0.07423812898653442,-0.27125411901531304
M-2022-12,89,377,0.6331236897274634,0.8010610079575596,0.7072599531615925,-0.059440971812713794,0.03357129602340325,-0.13279006797274195
M-2022-12,90,4080,0.8407574779427588,0.9575980392156863,0.8953821473587716,-0.05212389957853636,0.008416637774952829,-0.10507911824622584
M-2022-12,91,2334,0.7505263157894737,0.916452442159383,0.8252314814814815,-0.10349929226514287,-0.011515647939162266,-0.17896839631393402
M-2022-12,92,896,0.9059278350515464,0.7845982142857143,0.8409090909090909,-0.12175757575757573,-0.16208010739260736,-0.07327650491228721
M-2022-12,93,18804,0.7320309439874657,0.7950967879174644,0.7622616498419497,-0.09467937102019186,-0.023787504855142694,-0.16667649611341706
M-2022-12,94,760,0.6943521594684385,0.55,0.6138032305433186,0.004676246416334573,0.06500789889415487,-0.12431450719822812
M-2022-12,95,3282,0.8681585332973848,0.9811090798293723,0.9211843799170362,-0.06914196855404775,-0.006486245021791515,-0.12491398502240059
M-2022-12,96,44573,0.7984834289729477,0.6118726583357638,0.692832374347445,-0.2454327941918808,-0.33500591348157693,-0.1313236295152318
M-2022-12,97,18214,0.7824805339265851,0.7724278027890633,0.7774216721003481,-0.1912585248493337,-0.1975337171724566,-0.18492172081076197
M-2022-12,98,48912,0.995802277008764,0.9942549885508669,0.9950280312640668,0.0024146723111113655,-0.0014162806835480435,0.006228102910032729
M-2022-12,99,18452,0.903179110294527,0.8791458920442229,0.8910004668662291,-0.004665388001332649,0.01172781648588439,-0.02263625238592215
M-2022-12,100,17278,0.7276838148931172,0.7171547632827874,0.7223809246196,-0.2614742612903804,-0.2717319401003755,-0.2511907956987831
M-2022-12,101,42403,0.9495652858098272,0.5692285923165814,0.7117749402848633,-0.2798381272295325,-0.4263015995058138,-0.03816136209224774
M-2022-12,102,35717,0.8329278380614082,0.9585071534563373,0.8913159504810008,-0.0998422446143944,-0.032818527784353124,-0.15806292747326478
M-2022-12,103,1446,0.48990342405618964,0.38589211618257263,0.43172147001934236,-0.47472571790932705,-0.5385622766545846,-0.3992246706693217
M-2022-12,104,1744,0.052795031055900624,0.00974770642201835,0.016456921587608905,-0.6970091600863701,-0.6188577054126531,-0.7720196392523319
M-2022-12,105,3159,0.3464996788696211,0.34156378600823045,0.3440140283755779,-0.4017486834888289,-0.33259351736255605,-0.487887173216346
M-2022-12,106,1622,0.9161676646706587,0.9432799013563502,0.9295261239368166,-0.0495753652385057,-0.036434599019307234,-0.06232157995165244
M-2022-12,107,2555,0.9472885855138415,0.9776908023483366,0.9622496147919877,-0.0008067463226258953,-0.008366517558712205,0.006184593399499505
M-2022-12,108,3529,0.8661894273127754,0.8914706715783508,0.8786482334869432,-0.0712391299678109,-0.06660186550473246,-0.07565143580253142
M-2022-12,109,393,0.0,0.0,0.0,-0.9493161705551086,-0.9480449919657205,-0.9505907626208379
M-2022-12,110,5670,0.7936901222332342,0.8474426807760141,0.8196861139542818,-0.07392238133724294,-0.06201898317178356,-0.0846084205001254
M-2022-12,111,1136,0.23342175066312998,0.30985915492957744,0.26626323751891073,-0.3965520908076828,-0.30107446239381624,-0.4909048486634694
M-2022-12,112,1083,0.6379310344827587,0.5466297322253001,0.5887618100447538,-0.3181906206923084,-0.3612718899620364,-0.2680741874493562
M-2022-12,113,3574,0.9905199655271474,0.9647453833240067,0.977462792345854,-0.012486456335606855,-0.02176790505362125,-0.0028892615549377387
M-2022-12,114,911,0.7793696275071633,0.8957189901207464,0.8335035750766088,-0.13309760370531654,-0.06492985337579915,-0.19325810971911406
M-2022-12,115,15934,0.8681980530849499,0.7780218400903728,0.8206401218018734,-0.07194680144326104,-0.11017556612426727,-0.02882198910914291
M-2022-12,116,3278,0.8893552079359023,0.711104331909701,0.7903034412612308,-0.10142094809349034,-0.2009016337875399,0.01702995829253562
M-2022-12,117,58860,0.5821457452308672,0.7460584437648657,0.6539879219318951,-0.19856530352172586,-0.10281600287731185,-0.27411828336668875
M-2022-12,118,2577,0.35841039740064984,0.5564610011641443,0.4359987838248708,-0.5238732332395206,-0.400985807346494,-0.6038991455023173
M-2022-12,119,1033,0.9015075376884422,0.8683446272991288,0.8846153846153846,-0.01751077950339941,-0.03362304662919169,-0.0007771723291325472
M-2022-12,120,1133,0.8483197093551317,0.824360105913504,0.8361683079677709,-0.07002820007741917,-0.08276806406593407,-0.05694704851080534
M-2022-12,121,16,0.0,0.0,0.0,-0.9521928091663374,-0.9476995674400315,-0.9567288606589917
M-2022-12,122,40149,0.847704926652295,0.8031333283518892,0.824817424891606,-0.07616005067150489,-0.09420656029461227,-0.05693974756401876
M-2022-12,123,1458,0.7190332326283988,0.32647462277091904,0.4490566037735849,-0.347059901080784,-0.37438007808378176,-0.2023150819783428
M-2022-12,124,18817,0.857379413492869,0.8530052611999788,0.8551867440993127,-0.05672984790199054,-0.0649076339856437,-0.048618709059165544
M-2022-12,125,2268,0.5387258789320645,0.8985890652557319,0.6736076681540242,-0.20902014932810886,-0.013108833665335662,-0.3166284098265929
M-2022-12,126,2588,0.9291958041958042,0.821483771251932,0.8720262510254306,-0.026817679610407485,-0.062038956020795344,0.014489921842863018
M-2022-12,127,4058,0.8325892857142857,0.6434204041399705,0.7258826800111203,-0.16238271031731666,-0.25298199426109547,-0.047685493481003816
M-2022-12,128,3721,0.9008555611474585,0.9621069604944907,0.9304743339831059,-0.009238988107956536,0.010356320016266962,-0.02712112494746244
M-2022-12,129,18631,0.7887690860409581,0.5850464279963502,0.6718027734976888,-0.2775280861468693,-0.3647464506509097,-0.16010020387310797
M-2022-12,130,4618,0.7988826815642458,0.8670420095279342,0.8315680166147456,-0.015080160345276039,-0.015360697747869523,-0.014795643751057796
M-2022-12,131,17194,0.8882809446708726,0.9253227870187275,0.906423586383706,-0.0031722464266366046,-0.024043472438253444,0.015257422699966328
M-2022-12,132,13419,0.9241109808518952,0.8811386839555854,0.9021133745326925,-0.0041796261094504406,0.02787617154033295,-0.04224105123105093
M-2022-12,133,34000,0.7200518259876584,0.9643823529411765,0.8244967750858091,-0.0983296773376987,0.0006418243882287955,-0.16519296249607895
M-2022-12,134,5543,0.9103757898237446,0.9877322749413675,0.9474777191312624,0.03286907765037428,0.030663919567927356,0.03461950520508239
M-2022-12,135,1872,0.4245833333333333,0.5443376068376068,0.477059925093633,-0.24137356579090447,-0.1490478607414092,-0.32077568593111505
M-2022-12,136,12861,0.7722116482679863,0.7886634009797061,0.7803508232035697,-0.10509502431614759,-0.13090512466705784,-0.08155331183839676
M-2022-12,137,1286,0.6906552094522019,0.5,0.5800631483987371,-0.38850551697843894,-0.47970163854243086,-0.2670306619319721
M-2022-12,138,12776,0.720234973250813,0.5374139010644959,0.6155363306288941,-0.2788228573904564,-0.3481720355402117,-0.1830730337626294
M-2022-12,139,973,0.16218809980806143,0.1736896197327852,0.16774193548387098,-0.5376046659666266,-0.561025770288297,-0.5160473851092269
M-2022-12,140,21276,0.7710543353752677,0.7276743748824968,0.7487365493894329,-0.15155255600878104,-0.19660132994984492,-0.10646166805639601
M-2022-12,141,1226,0.7039106145251397,0.6166394779771615,0.6573913043478261,-0.14121462047169098,-0.17663450817516302,-0.10009941053751692
M-2022-12,142,15948,0.6127620598412375,0.755079006772009,0.6765168539325843,-0.20486997741072377,-0.10213458980328971,-0.29420092815943844
M-2022-12,143,3052,0.47536617842876167,0.35091743119266056,0.4037700282752121,-0.2938430219826745,-0.31240373669055116,-0.2602776363954225
M-2022-12,144,2267,0.9802110817941952,0.9832377591530658,0.981722087645893,0.007356045749531304,0.012617220987222844,0.0020705173226954754
M-2022-12,145,1149,0.9965034965034965,0.9921671018276762,0.9943305713039686,-6.530406029947589e-05,-0.005135056445705111,0.004997014608100869
M-2022-12,146,4680,0.9803459119496856,0.7993589743589744,0.8806497175141242,-0.08920990263451323,-0.18082045397401125,0.02059106006000222
M-2022-12,147,2730,0.9340277777777778,0.5912087912087912,0.7240915208613729,-0.2173291433452692,-0.33525512163732774,-0.022840482887951263
M-2022-12,148,3728,0.780310621242485,0.835568669527897,0.8069948186528497,-0.0953176628176513,-0.05800150075983057,-0.1309169236676947
M-2022-12,149,29896,0.5904201396710971,0.7013312817768264,0.6411142367906066,-0.2677499009693193,-0.2120714192502109,-0.31395031472271084
M-2022-12,150,1291,0.888135593220339,0.6088303640588691,0.7224264705882353,-0.22741066296225332,-0.3399765773728012,-0.06273397199705233
M-2022-12,151,872,0.5215208034433285,0.8337155963302753,0.6416593115622242,-0.1524732124640783,0.05687244937332325,-0.2906881981086632
M-2022-12,152,729,0.8809523809523809,0.6090534979423868,0.7201946472019465,-0.2363533310720427,-0.338346382511887,-0.08492208583616268
M-2022-12,153,59235,0.8389827442752233,0.7830505613235418,0.810052304817457,-0.0821869608929019,-0.12708427868603933,-0.03605112188570869
M-2022-12,154,1862,0.6610407876230661,0.5048335123523093,0.5724725943970768,-0.17162528600960947,-0.22014969785588412,-0.10320699998755345
M-2022-12,155,5650,0.5303263762431714,0.6700884955752212,0.592071311283134,-0.2051346171635593,-0.12594119234394185,-0.2680592739810439
M-2022-12,156,11350,0.6350332872754679,0.8908370044052863,0.7414931064828395,-0.11232446763793225,0.02112244076726466,-0.20345800866263652
M-2022-12,157,800,0.35753275109170307,0.81875,0.49772036474164133,-0.3125071745499373,-0.013539156626506066,-0.4317725505536351
M-2022-12,158,5549,0.6525724423418096,0.795458641196612,0.7169658084950865,-0.2067373040348417,-0.12721355268093903,-0.27216389514620576
M-2022-12,159,1740,0.5,0.3488505747126437,0.4109681787406906,-0.14176583423428624,-0.11972264967453417,-0.17374604609127886
M-2022-12,160,1048,0.35378228782287824,0.7318702290076335,0.47699004975124376,-0.1906195683534238,0.12401446596835475,-0.3866098690398668
M-2022-12,161,334,0.9629629629629629,0.7005988023952096,0.8110918544194108,-0.17501925669170038,-0.28323491584959415,-0.025436108962791137
M-2022-12,162,59,0.3103448275862069,0.6101694915254238,0.4114285714285714,-0.21218394118495026,-0.02563297761037875,-0.30153636053260496
M-2022-12,163,1741,0.07563025210084033,0.015508328546812177,0.025738798856053385,-0.4278249160467544,-0.35046125320223726,-0.5206526596183131
M-2022-12,164,1689,0.1648113343935232,0.6749555950266429,0.26493144317917733,-0.6085680951403056,-0.1811530022584249,-0.72680035269413
M-2022-12,165,4989,0.5475742215785663,0.7578673080777711,0.6357827476038339,-0.31266054001254406,-0.1573181633287204,-0.4366352112076377
M-2022-12,166,1835,0.642512077294686,0.5073569482288829,0.5669914738124239,-0.23044740860899637,-0.3795657966999043,-0.08184463754493332
M-2022-12,167,55,0.0736196319018405,0.21818181818181817,0.11009174311926606,-0.7781021583662695,-0.6321175830157867,-0.8560039360195998
M-2022-12,168,4221,0.7715782281940332,0.802653399668325,0.786809103576405,0.024105724352374902,0.02614983188035358,0.022193083088278165
M-2022-12,169,1502,0.7934662236987818,0.9540612516644474,0.8663845223700121,-0.10623246203206771,-0.01653715719061999,-0.18117774990316327
M-2022-12,170,1916,0.4437971213159698,0.6758872651356994,0.5357881671493587,-0.34768583230612726,-0.18394315351824864,-0.46465752594046916
M-2022-12,171,4142,0.5704812834224599,0.6438918396909705,0.6049676760802994,-0.13669576685973928,-0.03289437889135083,-0.249816508807559
M-2022-12,172,5558,0.7568922305764411,0.6520331054336093,0.700560603131645,-0.1491537951350479,-0.18966824732393495,-0.10098924894099237
M-2022-12,173,978,0.9613601236476044,0.6359918200408998,0.7655384615384615,-0.20668947510009028,-0.3168307606042615,-0.03108002754937167
M-2022-12,174,1507,0.0,0.0,0.0,-0.9677341969533405,-0.9500706547338672,-0.9860669762894158
M-2022-12,175,22084,0.5767683474592821,0.66867415323311,0.6193302157820789,-0.18005682367490572,-0.17107855277937323,-0.1859556797379336
M-2022-12,176,2085,0.43316412859560066,0.49112709832134294,0.4603281636322769,-0.34523393865384144,-0.30209638740620404,-0.38512651061914677
M-2022-12,177,1117,0.4257907542579075,0.7833482542524619,0.5517023959646911,-0.4025629300164961,-0.17184655094234325,-0.5275468996630257
