class,group,reference_support,target_support,static_f1,best_pair_f1,delta_f1,static_recall,best_pair_recall,delta_recall
0,other,1414,950,0.8807339449541285,0.8812095032397408,0.0004755582856122986,0.8589473684210527,0.8589473684210527,0.0
1,other,10792,3117,0.7320779649818302,0.7329254175624277,0.0008474525805974853,0.7109400064164261,0.7109400064164261,0.0
2,other,7583,3678,0.47664695084642056,0.4776210913549969,0.0009741405085763599,0.6353996737357259,0.6353996737357259,0.0
3,other,1593,743,0.9085173501577287,0.9085173501577287,0.0,0.9690444145356663,0.9690444145356663,0.0
4,other,3737,869,0.7423423423423423,0.7423423423423423,0.0,0.9482163406214039,0.9482163406214039,0.0
5,bad,2093,1080,0.4354605833092694,0.4334862385321101,-0.001974344777159298,0.6981481481481482,0.7,0.0018518518518517713
6,bad,2729,1684,0.44360902255639095,0.44386030792339465,0.0002512853670036952,0.3503562945368171,0.3509501187648456,0.0005938242280285055
7,other,36,33,0.125,0.12727272727272726,0.0022727272727272596,0.21212121212121213,0.21212121212121213,0.0
8,stable,1574,1142,0.8680459770114942,0.8680459770114942,0.0,0.8266199649737302,0.8266199649737302,0.0
9,other,1547,910,0.23937007874015748,0.23937007874015748,0.0,0.16703296703296702,0.16703296703296702,0.0
10,bad,2020,1004,0.16184971098265896,0.16748768472906403,0.005637973746405067,0.09760956175298804,0.10159362549800798,0.003984063745019931
11,bad,1685,1749,0.22343522561863174,0.22438672438672438,0.0009514987680926401,0.1755288736420812,0.17781589479702686,0.0022870211549456676
12,bad,2788,263,0.23184357541899442,0.23013698630136986,-0.0017065891176245573,0.3155893536121673,0.3193916349809886,0.0038022813688213253
13,other,2093,1090,0.3990514905149051,0.39932203389830506,0.0002705433833999349,0.5403669724770642,0.5403669724770642,0.0
14,bad,10401,5821,0.2579329472224488,0.2581166209013083,0.00018367367885951946,0.271602817385329,0.2745232777873218,0.002920460401992786
15,stable,751,715,0.8106551475881929,0.8106551475881929,0.0,0.7874125874125875,0.7874125874125875,0.0
16,other,2008,1186,0.22592791823561054,0.22592791823561054,0.0,0.17706576728499157,0.17706576728499157,0.0
17,other,10007,8301,0.8305555555555556,0.8305555555555556,0.0,0.9004939163956149,0.9004939163956149,0.0
18,other,21926,25658,0.8718385454833535,0.8719076197833106,6.907429995706149e-05,0.857822121755398,0.857822121755398,0.0
19,other,13185,22936,0.6062648892493284,0.6063263547422315,6.146549290309e-05,0.521494593651901,0.521494593651901,0.0
20,other,1281,1125,0.5622798591098302,0.5624599615631006,0.000180102453270381,0.7804444444444445,0.7804444444444445,0.0
21,other,2620,2095,0.828643216080402,0.828643216080402,0.0,0.7871121718377089,0.7871121718377089,0.0
22,other,4636,743,0.6884236453201971,0.6884236453201971,0.0,0.7523553162853297,0.7523553162853297,0.0
23,other,12840,5114,0.8492664236987197,0.8493457943925233,7.937069380359318e-05,0.8885412592882284,0.8885412592882284,0.0
24,other,10253,4154,0.5630001569119724,0.5630001569119724,0.0,0.43187289359653347,0.43187289359653347,0.0
25,other,54557,34385,0.8588748146952195,0.858891922839778,1.710814455846421e-05,0.8508942852988222,0.8507488730551113,-0.00014541224371089623
26,bad,2293,807,0.024539877300613498,0.024473147518694765,-6.672978191873263e-05,0.022304832713754646,0.022304832713754646,0.0
27,other,19386,7371,0.9089068825910931,0.9088279950835081,-7.888750758500152e-05,0.8528015194681862,0.8526658526658527,-0.00013566680233345618
28,bad,16366,5815,0.3217811384162991,0.3216739537788882,-0.00010718463741088424,0.26345657781599313,0.2656921754084265,0.002235597592433358
29,other,29653,30274,0.8087042946068944,0.8087399295504482,3.563494355374175e-05,0.7660038316707406,0.7659708000264254,-3.303164431522898e-05
30,other,8131,645,0.8975206611570248,0.8975206611570248,0.0,0.8418604651162791,0.8418604651162791,0.0
31,other,7973,952,0.8941747572815534,0.8941747572815534,0.0,0.967436974789916,0.967436974789916,0.0
32,other,2331,998,0.3008015087223008,0.2966461974492206,-0.00415531127308022,0.3196392785571142,0.31462925851703405,-0.005010020040080165
33,other,204,630,0.6793206793206793,0.6793206793206793,0.0,0.5396825396825397,0.5396825396825397,0.0
34,other,588,1240,0.5924453280318092,0.5924453280318092,0.0,0.4806451612903226,0.4806451612903226,0.0
35,other,875,930,0.7747972551466001,0.7747972551466001,0.0,0.667741935483871,0.667741935483871,0.0
36,other,826,216,0.3619047619047619,0.3619047619047619,0.0,0.2638888888888889,0.2638888888888889,0.0
37,other,1989,866,0.9060773480662984,0.9060773480662984,0.0,0.8521939953810623,0.8521939953810623,0.0
38,bad,77,193,0.08968609865470852,0.09777777777777778,0.008091679123069268,0.05181347150259067,0.05699481865284974,0.005181347150259072
39,other,4388,4483,0.9025587467362924,0.9027473101431108,0.00018856340681838724,0.9638634842739238,0.9638634842739238,0.0
40,other,2334,737,0.6259808195292066,0.6259808195292066,0.0,0.4871099050203528,0.4871099050203528,0.0
41,other,2121,1636,0.6569659442724458,0.6569659442724458,0.0,0.6485330073349633,0.6485330073349633,0.0
42,other,1839,1444,0.40711462450592883,0.40711462450592883,0.0,0.2853185595567867,0.2853185595567867,0.0
43,other,2042,1992,0.7986024457199901,0.7983025461807289,-0.0002998995392611281,0.8032128514056225,0.802710843373494,-0.0005020080321285203
44,stable,2910,1181,0.9479717813051146,0.9479717813051146,0.0,0.9102455546147333,0.9102455546147333,0.0
45,other,2192,1463,0.788781163434903,0.788781163434903,0.0,0.7785372522214627,0.7785372522214627,0.0
46,other,9798,7420,0.6391033964327205,0.6392344497607656,0.00013105332804508318,0.630188679245283,0.630188679245283,0.0
47,bad,3839,618,0.0,0.0,0.0,0.0,0.0,0.0
48,bad,5001,3361,0.0017709563164108619,0.001768867924528302,-2.088391882559956e-06,0.0008925914906277894,0.0008925914906277894,0.0
49,other,40220,31563,0.8421558075999669,0.8421035202172401,-5.228738272677891e-05,0.8057218895542249,0.8056585242213985,-6.336533282635948e-05
50,other,4546,1528,0.186155285313377,0.18445692883895132,-0.0016983564744256774,0.13023560209424084,0.12892670157068062,-0.0013089005235602247
51,other,21842,11645,0.8603878116343491,0.8603767611207852,-1.1050513563870545e-05,0.9335337054529841,0.9334478316874195,-8.587376556457027e-05
52,other,2301,1274,0.6664053312426499,0.6664053312426499,0.0,0.6671899529042387,0.6671899529042387,0.0
53,other,9775,5505,0.8221734357848518,0.8224846653849675,0.0003112296001156478,0.8163487738419618,0.8159854677565849,-0.00036330608537693543
54,other,6663,5063,0.3268134914523333,0.3268134914523333,0.0,0.20955954967410625,0.20955954967410625,0.0
55,other,8193,4063,0.6650446066504461,0.6650446066504461,0.0,0.5045532857494462,0.5045532857494462,0.0
56,bad,10094,12137,0.0007871536523929471,0.0007869058860560277,-2.477663369194723e-07,0.00041196341764851283,0.00041196341764851283,0.0
57,stable,3065,2331,0.9740064446831365,0.9740064446831365,0.0,0.9725439725439725,0.9725439725439725,0.0
58,other,2286,15,0.0,0.0,0.0,0.0,0.0,0.0
59,stable,13724,6030,0.9851931507982463,0.9856007944389275,0.00040764364068113235,0.9875621890547264,0.9875621890547264,0.0
60,other,49622,24845,0.8670687575392039,0.8670513258679963,-1.7431671207601696e-05,0.8679412356610988,0.8679412356610988,0.0
61,other,19676,10494,0.6124639431139733,0.6124790338812479,1.5090767274572592e-05,0.870020964360587,0.8699256718124643,-9.529254812268295e-05
62,stable,15549,11221,0.9274218038262982,0.9274218038262982,0.0,0.9525888958203369,0.9525888958203369,0.0
63,other,11152,5492,0.6012027349864074,0.6012522656121272,4.9530625719773624e-05,0.66442097596504,0.66442097596504,0.0
64,stable,2437,1215,0.7903039630627164,0.7903039630627164,0.0,0.8452674897119341,0.8452674897119341,0.0
65,other,3145,2112,0.927449168207024,0.9269533055940823,-0.0004958626129417665,0.9502840909090909,0.9493371212121212,-0.0009469696969697239
66,bad,5149,1955,0.001658374792703151,0.0016227180527383367,-3.565673996481426e-05,0.0010230179028132991,0.0010230179028132991,0.0
67,other,854,1191,0.1558219178082192,0.1558219178082192,0.0,0.1528127623845508,0.1528127623845508,0.0
68,other,7271,2499,0.7406663318265528,0.7409144196951934,0.00024808786864061183,0.8851540616246498,0.8851540616246498,0.0
69,bad,879,1866,0.008430913348946136,0.00841908325537886,-1.1830093567276323e-05,0.00482315112540193,0.00482315112540193,0.0
70,other,2642,908,0.36075949367088606,0.36075949367088606,0.0,0.2511013215859031,0.2511013215859031,0.0
71,other,149408,39434,0.7009773624831083,0.7010309278350515,5.356535194322998e-05,0.8484556474108638,0.8484049297560481,-5.071765481567958e-05
72,other,17880,5765,0.49422234981698127,0.49422234981698127,0.0,0.5972246313963573,0.5972246313963573,0.0
73,other,29211,8821,0.8796707462363262,0.8796707462363262,0.0,0.9207572837546764,0.9207572837546764,0.0
74,other,9210,2294,0.5352180162913273,0.5352180162913273,0.0,0.486922406277245,0.486922406277245,0.0
75,other,28060,6807,0.4022364217252396,0.4022364217252396,0.0,0.36991332451887765,0.36991332451887765,0.0
76,stable,10523,2683,0.8810229799851742,0.8810229799851742,0.0,0.8859485650391353,0.8859485650391353,0.0
77,other,81932,17960,0.7427868015732428,0.7428314066956914,4.460512244852666e-05,0.6887527839643652,0.6887527839643652,0.0
78,other,48009,10246,0.748072353426119,0.7481086323957323,3.6278969613334766e-05,0.7527815732968963,0.7527815732968963,0.0
79,other,25102,7528,0.7017907355335208,0.7017907355335208,0.0,0.6299149840595112,0.6299149840595112,0.0
80,other,6096,1055,0.31480241125251174,0.31480241125251174,0.0,0.22274881516587677,0.22274881516587677,0.0
81,other,7217,2122,0.9364595545134818,0.9364595545134818,0.0,0.9410933081998115,0.9410933081998115,0.0
82,other,79609,27579,0.7796960806439479,0.7797694058344462,7.332519049829678e-05,0.7516226114072302,0.7516226114072302,0.0
83,other,24502,19531,0.91312422616591,0.9130827378034623,-4.148836244777243e-05,0.9062516000204802,0.9060467973990067,-0.0002048026214734877
84,other,2397,1057,0.8721951219512195,0.873046875,0.0008517530487804903,0.8457899716177862,0.8457899716177862,0.0
85,other,2080,350,0.7124087591240876,0.7124087591240876,0.0,0.6971428571428572,0.6971428571428572,0.0
86,other,27759,20232,0.8040145527537322,0.8040145527537322,0.0,0.7919137999209174,0.7919137999209174,0.0
87,other,11231,5056,0.9071502786436195,0.9072359720385414,8.569339492192629e-05,0.9497626582278481,0.9497626582278481,0.0
88,other,204,83,0.21052631578947367,0.21052631578947367,0.0,0.5301204819277109,0.5301204819277109,0.0
89,other,486,377,0.7072599531615925,0.7072599531615925,0.0,0.8010610079575596,0.8010610079575596,0.0
90,other,7635,4080,0.8953821473587716,0.8958954368264159,0.0005132894676442845,0.9575980392156863,0.9575980392156863,0.0
91,other,4262,2334,0.8252314814814815,0.8263473053892215,0.00111582390774001,0.916452442159383,0.916452442159383,0.0
92,other,2288,896,0.8409090909090909,0.8409090909090909,0.0,0.7845982142857143,0.7845982142857143,0.0
93,other,34812,18804,0.7622616498419497,0.7623199490121096,5.8299170159981095e-05,0.7950967879174644,0.7950967879174644,0.0
94,stable,633,760,0.6138032305433186,0.6142542248346804,0.0004509942913617504,0.55,0.55,0.0
95,other,50223,3282,0.9211843799170362,0.9213161659513591,0.000131786034322956,0.9811090798293723,0.9811090798293723,0.0
96,other,55119,44573,0.692832374347445,0.693080130160667,0.0002477558132220059,0.6118726583357638,0.611648307271218,-0.00022435106454576914
97,other,41580,18214,0.7774216721003481,0.777387892686431,-3.3779413917023327e-05,0.7724278027890633,0.7723728999670583,-5.490282200504293e-05
98,stable,63298,48912,0.9950280312640668,0.9950279295316432,-1.0173242359634571e-07,0.9942549885508669,0.994234543670265,-2.0444880601933058e-05
99,stable,23955,18452,0.8910004668662291,0.8910678971654581,6.743029922895438e-05,0.8791458920442229,0.8790916973769781,-5.419466724476685e-05
100,other,30504,17278,0.7223809246196,0.7223809246196,0.0,0.7171547632827874,0.7171547632827874,0.0
101,other,60629,42403,0.7117749402848633,0.7103678337367892,-0.0014071065480740774,0.5692285923165814,0.5674834327759828,-0.0017451595405986176
102,other,79891,35717,0.8913159504810008,0.8914351188771126,0.00011916839611181285,0.9585071534563373,0.9584231598398522,-8.399361648514514e-05
103,other,1787,1446,0.43172147001934236,0.43172147001934236,0.0,0.38589211618257263,0.38589211618257263,0.0
104,bad,3363,1744,0.016456921587608905,0.016299137104506232,-0.00015778448310267354,0.00974770642201835,0.00974770642201835,0.0
105,other,4895,3159,0.3440140283755779,0.3437051220679751,-0.00030890630760277427,0.34156378600823045,0.3409306742640076,-0.0006331117442228695
106,other,3993,1622,0.9295261239368166,0.9288753799392098,-0.0006507439976067841,0.9432799013563502,0.9420468557336621,-0.0012330456226881115
107,stable,3873,2555,0.9622496147919877,0.9622496147919877,0.0,0.9776908023483366,0.9776908023483366,0.0
108,other,11663,3529,0.8786482334869432,0.8786482334869432,0.0,0.8914706715783508,0.8914706715783508,0.0
109,bad,1867,393,0.0,0.0,0.0,0.0,0.0,0.0
110,other,9808,5670,0.8196861139542818,0.8198259682648013,0.0001398543105194383,0.8474426807760141,0.8474426807760141,0.0
111,other,2817,1136,0.26626323751891073,0.2664647993943982,0.00020156187548747706,0.30985915492957744,0.30985915492957744,0.0
112,other,3822,1083,0.5887618100447538,0.5887618100447538,0.0,0.5466297322253001,0.5466297322253001,0.0
113,stable,5042,3574,0.977462792345854,0.977462792345854,0.0,0.9647453833240067,0.9647453833240067,0.0
114,other,3329,911,0.8335035750766088,0.8343558282208589,0.0008522531442500814,0.8957189901207464,0.8957189901207464,0.0
115,other,22978,15934,0.8206401218018734,0.8207793927755521,0.00013927097367871788,0.7780218400903728,0.7778963223296096,-0.0001255177607631941
116,other,4023,3278,0.7903034412612308,0.7900271370420624,-0.0002763042191683551,0.711104331909701,0.7104942037827944,-0.0006101281269066394
117,other,84936,58860,0.6539879219318951,0.65425448693592,0.0002665650040248879,0.7460584437648657,0.745973496432212,-8.494733265373977e-05
118,bad,3760,2577,0.4359987838248708,0.434282253179891,-0.0017165306449797857,0.5564610011641443,0.5564610011641443,0.0
119,stable,2846,1033,0.8846153846153846,0.8846153846153846,0.0,0.8683446272991288,0.8683446272991288,0.0
120,other,2918,1133,0.8361683079677709,0.8365427675772503,0.00037445960947946055,0.824360105913504,0.824360105913504,0.0
121,other,2543,16,0.0,0.0,0.0,0.0,0.0,0.0
122,other,61426,40149,0.824817424891606,0.8248807254959645,6.330060435844054e-05,0.8031333283518892,0.8031333283518892,0.0
123,other,3393,1458,0.4490566037735849,0.4490566037735849,0.0,0.32647462277091904,0.32647462277091904,0.0
124,other,30492,18817,0.8551867440993127,0.8552095266004209,2.2782501108209452e-05,0.8530052611999788,0.8530052611999788,0.0
125,other,3522,2268,0.6736076681540242,0.6738303851876343,0.0002227170336100981,0.8985890652557319,0.8985890652557319,0.0
126,other,2112,2588,0.8720262510254306,0.8722051282051282,0.00017887717969755634,0.821483771251932,0.821483771251932,0.0
127,other,3002,4058,0.7258826800111203,0.7261855096648588,0.00030282965373851223,0.6434204041399705,0.6434204041399705,0.0
128,stable,2342,3721,0.9304743339831059,0.930595269040811,0.00012093505770516266,0.9621069604944907,0.9621069604944907,0.0
129,other,44177,18631,0.6718027734976888,0.6718668105441653,6.40370464765061e-05,0.5850464279963502,0.5848317320594708,-0.00021469593687939437
130,stable,7092,4618,0.8315680166147456,0.8316194037602576,5.1387145512005183e-05,0.8670420095279342,0.8668254655695106,-0.00021654395842363172
131,stable,30533,17194,0.906423586383706,0.906423586383706,0.0,0.9253227870187275,0.9253227870187275,0.0
132,stable,23157,13419,0.9021133745326925,0.902078962426092,-3.441210660048988e-05,0.8811386839555854,0.8811386839555854,0.0
133,other,54110,34000,0.8244967750858091,0.8246626677229915,0.00016589263718236325,0.9643823529411765,0.9643823529411765,0.0
134,other,10738,5543,0.9474777191312624,0.9475597092419522,8.199011068976692e-05,0.9877322749413675,0.9877322749413675,0.0
135,other,3069,1872,0.477059925093633,0.477059925093633,0.0,0.5443376068376068,0.5443376068376068,0.0
136,other,22342,12861,0.7803508232035697,0.7804108640455489,6.004084197919202e-05,0.7886634009797061,0.7886634009797061,0.0
137,other,4089,1286,0.5800631483987371,0.5800631483987371,0.0,0.5,0.5,0.0
138,other,43631,12776,0.6155363306288941,0.6159228526575465,0.00038652202865241403,0.5374139010644959,0.5374139010644959,0.0
139,bad,2846,973,0.16774193548387098,0.16666666666666666,-0.0010752688172043223,0.1736896197327852,0.1736896197327852,0.0
140,other,71932,21276,0.7487365493894329,0.7487122439602428,-2.4305429190074612e-05,0.7276743748824968,0.727580372250423,-9.400263207370863e-05
141,other,2022,1226,0.6573913043478261,0.6576889661164205,0.00029766176859435944,0.6166394779771615,0.6174551386623165,0.0008156606851550396
142,other,62604,15948,0.6765168539325843,0.6765928756040005,7.60216714161821e-05,0.755079006772009,0.755079006772009,0.0
143,other,4384,3052,0.4037700282752121,0.4029428409734012,-0.0008271873018108611,0.35091743119266056,0.34993446920052423,-0.000982961992136322
144,stable,3642,2267,0.981722087645893,0.981722087645893,0.0,0.9832377591530658,0.9832377591530658,0.0
145,stable,2224,1149,0.9943305713039686,0.9943305713039686,0.0,0.9921671018276762,0.9921671018276762,0.0
146,other,4793,4680,0.8806497175141242,0.8806497175141242,0.0,0.7993589743589744,0.7993589743589744,0.0
147,other,2203,2730,0.7240915208613729,0.7240915208613729,0.0,0.5912087912087912,0.5912087912087912,0.0
148,other,6812,3728,0.8069948186528497,0.8069948186528497,0.0,0.835568669527897,0.835568669527897,0.0
149,other,74194,29896,0.6411142367906066,0.6411707138051257,5.647701451905185e-05,0.7013312817768264,0.7012643831950762,-6.689858175012997e-05
150,other,2305,1291,0.7224264705882353,0.7224264705882353,0.0,0.6088303640588691,0.6088303640588691,0.0
151,other,2021,872,0.6416593115622242,0.6436476316954405,0.0019883201332162592,0.8337155963302753,0.8337155963302753,0.0
152,other,1673,729,0.7201946472019465,0.7201946472019465,0.0,0.6090534979423868,0.6090534979423868,0.0
153,other,70973,59235,0.810052304817457,0.8101060206452063,5.371582774926775e-05,0.7830505613235418,0.7829999155904448,-5.064573309698783e-05
154,other,2978,1862,0.5724725943970768,0.5720377703320134,-0.0004348240650633439,0.5048335123523093,0.5042964554242749,-0.0005370569280344073
155,other,11183,5650,0.592071311283134,0.5924882629107981,0.00041695162766419713,0.6700884955752212,0.6700884955752212,0.0
156,other,32897,11350,0.7414931064828395,0.7415804534448602,8.7346962020729e-05,0.8908370044052863,0.8904845814977974,-0.00035242290748893623
157,other,2075,800,0.49772036474164133,0.49772036474164133,0.0,0.81875,0.81875,0.0
158,other,12544,5549,0.7169658084950865,0.7166653124238238,-0.0003004960712627014,0.795458641196612,0.7947377905928996,-0.0007208506037124085
159,other,3182,1740,0.4109681787406906,0.4109681787406906,0.0,0.3488505747126437,0.3488505747126437,0.0
160,other,1553,1048,0.47699004975124376,0.4771384136858476,0.00014836393460382347,0.7318702290076335,0.7318702290076335,0.0
161,other,3031,334,0.8110918544194108,0.8110918544194108,0.0,0.7005988023952096,0.7005988023952096,0.0
162,other,486,59,0.4114285714285714,0.4311377245508982,0.019709153122326795,0.6101694915254238,0.6101694915254238,0.0
163,other,3156,1741,0.025738798856053385,0.025738798856053385,0.0,0.015508328546812177,0.015508328546812177,0.0
164,bad,3315,1689,0.26493144317917733,0.2615139078887369,-0.003417535290440421,0.6749555950266429,0.6791000592066312,0.004144464179988261
165,other,5176,4989,0.6357827476038339,0.6354385669834328,-0.0003441806204010911,0.7578673080777711,0.7572659851673682,-0.000601322910402935
166,other,2317,1835,0.5669914738124239,0.5671641791044776,0.00017270529205370977,0.5073569482288829,0.5073569482288829,0.0
167,other,668,55,0.11009174311926606,0.11059907834101383,0.0005073352217477706,0.21818181818181817,0.21818181818181817,0.0
168,other,3924,4221,0.786809103576405,0.786809103576405,0.0,0.802653399668325,0.802653399668325,0.0
169,other,2891,1502,0.8663845223700121,0.8663845223700121,0.0,0.9540612516644474,0.9540612516644474,0.0
170,other,3774,1916,0.5357881671493587,0.5373754152823921,0.0015872481330333477,0.6758872651356994,0.675365344467641,-0.0005219206680584509
171,other,7082,4142,0.6049676760802994,0.6051049347702779,0.00013725868997849222,0.6438918396909705,0.6438918396909705,0.0
172,other,7688,5558,0.700560603131645,0.7009671179883946,0.00040651485674958465,0.6520331054336093,0.6520331054336093,0.0
173,other,4960,978,0.7655384615384615,0.7655384615384615,0.0,0.6359918200408998,0.6359918200408998,0.0
174,bad,4246,1507,0.0,0.0,0.0,0.0,0.0,0.0
175,other,50628,22084,0.6193302157820789,0.6193142497640768,-1.596601800213371e-05,0.66867415323311,0.6686288715812353,-4.528165187467348e-05
176,other,4309,2085,0.4603281636322769,0.4607424071991001,0.0004142435668231803,0.49112709832134294,0.49112709832134294,0.0
177,other,1540,1117,0.5517023959646911,0.55239898989899,0.0006965939342988836,0.7833482542524619,0.7833482542524619,0.0
