method,strategy,budget,replay_mode,replay_per_class,target_repeat,replay_samples,selected_collapse_labels,selected_absorber_preds,overall_accuracy,overall_macro_f1,bad_accuracy,bad_macro_f1,bad_support,stable_accuracy,stable_macro_f1,stable_support,collapsed_count,severe_collapsed_count,head_train_samples,selected_mean_proto_distance,period,input_dir,delta_macro_f1_vs_static,delta_collapse_f1_vs_static,delta_stable_f1_vs_static
static,,0,all,5,2,890,0,0,0.831152399116993,0.7401953796542524,0.2736330905132714,0.5034284741114535,23886,0.9531574773000766,0.8321626795809953,146256,4,2,,,M-2022-7,outputs/collapse_active_replay_tls22_M-2022-7_all_r5_tr2,0.0,0.0,0.0
active_head_ft,random,200,all,5,2,890,3,22,0.8136021670395007,0.6987139668649783,0.5131457757682324,0.5049186165913354,23886,0.9406178208073515,0.8037567798868466,146256,2,1,1290,0.1619994044303894,M-2022-7,outputs/collapse_active_replay_tls22_M-2022-7_all_r5_tr2,-0.041481412789274086,0.001490142479881884,-0.02840589969414875
active_head_ft,random,500,all,5,2,890,8,59,0.8373386749802637,0.7225663192622657,0.69547014987859,0.5747266358774247,23886,0.9392913794989607,0.810052799654214,146256,1,1,1890,0.16128243505954742,M-2022-7,outputs/collapse_active_replay_tls22_M-2022-7_all_r5_tr2,-0.01762906039198675,0.07129816176597115,-0.022109879926781373
active_head_ft,random,1000,all,5,2,890,18,116,0.8442426955569525,0.737642922076366,0.7052666834128778,0.5990124082715734,23886,0.9311207745323269,0.8188082149906319,146256,1,0,2890,0.1562509685754776,M-2022-7,outputs/collapse_active_replay_tls22_M-2022-7_all_r5_tr2,-0.002552457577886469,0.0955839341601199,-0.01335446459036338
active_head_ft,margin,200,all,5,2,890,6,29,0.8179220385826318,0.7081896134545294,0.5213514192413966,0.5230629784822348,23886,0.9374794880210042,0.8114797042324472,146256,2,0,1290,0.18373042345046997,M-2022-7,outputs/collapse_active_replay_tls22_M-2022-7_all_r5_tr2,-0.03200576619972306,0.01963450437078129,-0.020682975348548127
active_head_ft,margin,500,all,5,2,890,19,67,0.8310780110094399,0.7315209370765956,0.6287364983672444,0.5412401940392643,23886,0.9332813696532108,0.8209593149859428,146256,1,0,1890,0.18432287871837616,M-2022-7,outputs/collapse_active_replay_tls22_M-2022-7_all_r5_tr2,-0.008674442577656816,0.03781171992781074,-0.011203364595052556
active_head_ft,margin,1000,all,5,2,890,38,119,0.8359159186529185,0.7349929406682462,0.6280247843925312,0.5450811758836752,23886,0.9353872661634395,0.8190913336107097,146256,0,0,2890,0.18704353272914886,M-2022-7,outputs/collapse_active_replay_tls22_M-2022-7_all_r5_tr2,-0.0052024389860062525,0.04165270177222169,-0.013071345970285586
active_head_ft,absorber_random,200,all,5,2,890,7,200,0.7900841322794795,0.6935832338293502,0.5174160596165117,0.5297162960498031,23886,0.937041899135762,0.8108753156346864,146256,2,1,1290,0.17664834856987,M-2022-7,outputs/collapse_active_replay_tls22_M-2022-7_all_r5_tr2,-0.04661214582490225,0.026287821938349554,-0.021287363946308924
active_head_ft,absorber_random,500,all,5,2,890,15,500,0.7826238763039699,0.6972257801795011,0.5185045633425438,0.5595323319702104,23886,0.9345257630456186,0.8137914967759455,146256,1,0,1890,0.1776563674211502,M-2022-7,outputs/collapse_active_replay_tls22_M-2022-7_all_r5_tr2,-0.04296959947475132,0.05610385785875682,-0.01837118280504979
active_head_ft,absorber_random,1000,all,5,2,890,36,1000,0.7890735262777665,0.6980010649914605,0.5677802897094533,0.5597706692750147,23886,0.9262252488786785,0.8088777142083126,146256,1,0,2890,0.17607122659683228,M-2022-7,outputs/collapse_active_replay_tls22_M-2022-7_all_r5_tr2,-0.04219431466279189,0.056342195163561204,-0.023284965372682764
active_head_ft,absorber_margin,200,all,5,2,890,8,200,0.7884093946148372,0.6977089813605243,0.5844427698233274,0.5479567477027504,23886,0.9333223936112023,0.8061570468999661,146256,1,1,1290,0.19418220221996307,M-2022-7,outputs/collapse_active_replay_tls22_M-2022-7_all_r5_tr2,-0.042486398293728134,0.04452827359129685,-0.026005632681029178
active_head_ft,absorber_margin,500,all,5,2,890,25,500,0.808707965693009,0.7152439562500025,0.6030729297496441,0.5584526662123886,23886,0.9322489333770922,0.8086060562831336,146256,0,0,1890,0.19627997279167175,M-2022-7,outputs/collapse_active_replay_tls22_M-2022-7_all_r5_tr2,-0.02495142340424994,0.05502419210093512,-0.02355662329786168
active_head_ft,absorber_margin,1000,all,5,2,890,43,1000,0.8155510014247668,0.7165970469239467,0.588336263920288,0.5530116412143838,23886,0.9239005579258287,0.8103332804509528,146256,0,0,2890,0.19762076437473297,M-2022-7,outputs/collapse_active_replay_tls22_M-2022-7_all_r5_tr2,-0.02359833273030576,0.049583167102930314,-0.02182939913004256
static,,0,all,5,2,890,0,0,0.787239767457279,0.6836051344755893,0.18244870436374144,0.25812622807340385,31143,0.9480824979746415,0.9089863032292651,204902,7,4,,,M-2022-10,outputs/collapse_active_replay_tls22_M-2022-10_all_r5_tr2,0.0,0.0,0.0
active_head_ft,random,200,all,5,2,890,3,21,0.7734639389887499,0.6589175766255411,0.37530103072921683,0.2979433174414937,31143,0.9320406828630272,0.8637735452678805,204902,5,2,1290,0.15459667146205902,M-2022-10,outputs/collapse_active_replay_tls22_M-2022-10_all_r5_tr2,-0.02468755785004828,0.039817089368089864,-0.045212757961384575
active_head_ft,random,500,all,5,2,890,7,55,0.7876874117112448,0.6772987668000643,0.44947500240824584,0.3220015083296646,31143,0.9364330265199949,0.8790727677288688,204902,3,2,1890,0.15803518891334534,M-2022-10,outputs/collapse_active_replay_tls22_M-2022-10_all_r5_tr2,-0.00630636767552506,0.06387528025626077,-0.029913535500396327
active_head_ft,random,1000,all,5,2,890,19,113,0.8021620491556946,0.6886356559258676,0.5640432842051183,0.3916917308865165,31143,0.9368088159217577,0.8765954776868226,204902,2,1,2890,0.15970678627490997,M-2022-10,outputs/collapse_active_replay_tls22_M-2022-10_all_r5_tr2,0.005030521450278269,0.13356550281311264,-0.03239082554244255
active_head_ft,margin,200,all,5,2,890,6,20,0.7795606117578966,0.662362653347631,0.37709918761840544,0.27453022440467495,31143,0.9326458502113205,0.8611181936337748,204902,4,3,1290,0.18895433843135834,M-2022-10,outputs/collapse_active_replay_tls22_M-2022-10_all_r5_tr2,-0.021242481127958346,0.016403996331271098,-0.04786810959549026
active_head_ft,margin,500,all,5,2,890,13,60,0.7922146679229742,0.6782301499393587,0.41123205856853867,0.2922056530384434,31143,0.9324799172287239,0.8664158269930196,204902,4,4,1890,0.189037024974823,M-2022-10,outputs/collapse_active_replay_tls22_M-2022-10_all_r5_tr2,-0.0053749845362306425,0.03407942496503957,-0.04257047623624555
active_head_ft,margin,1000,all,5,2,890,27,129,0.8029523227413444,0.690066404970414,0.5025527405837588,0.3437420115771448,31143,0.9381167582551659,0.8692016126765028,204902,3,3,2890,0.18784062564373016,M-2022-10,outputs/collapse_active_replay_tls22_M-2022-10_all_r5_tr2,0.0064612704948247,0.08561578350374094,-0.03978469055276235
active_head_ft,absorber_random,200,all,5,2,890,11,200,0.7212294198578862,0.6356775208711026,0.3921908615098096,0.2996272667513145,31143,0.9198153263511337,0.8379788608014284,204902,3,3,1290,0.16592732071876526,M-2022-10,outputs/collapse_active_replay_tls22_M-2022-10_all_r5_tr2,-0.04792761360448672,0.04150103867791066,-0.07100744242783674
active_head_ft,absorber_random,500,all,5,2,890,26,500,0.748141308466574,0.6464540297093097,0.42895674790482613,0.3139297977340353,31143,0.920156953080009,0.847267341729107,204902,2,2,1890,0.17037518322467804,M-2022-10,outputs/collapse_active_replay_tls22_M-2022-10_all_r5_tr2,-0.0371511047662797,0.055803569660631436,-0.0617189615001581
active_head_ft,absorber_random,1000,all,5,2,890,44,1000,0.7617090428494758,0.6585914837740978,0.4779244131907652,0.34611220243689506,31143,0.9150081502376746,0.8540805696854857,204902,2,2,2890,0.1731216311454773,M-2022-10,outputs/collapse_active_replay_tls22_M-2022-10_all_r5_tr2,-0.02501365070149153,0.0879859743634912,-0.05490573354377937
active_head_ft,absorber_margin,200,all,5,2,890,12,200,0.763130373848284,0.6526854383607558,0.4055485984009248,0.3198622826026546,31143,0.918146235761486,0.8474657950350478,204902,3,0,1290,0.1926114410161972,M-2022-10,outputs/collapse_active_replay_tls22_M-2022-10_all_r5_tr2,-0.030919696114833584,0.06173605452925074,-0.06152050819421728
active_head_ft,absorber_margin,500,all,5,2,890,22,500,0.7575055423198038,0.6509027404264672,0.4454933692964711,0.34106319622514153,31143,0.9161306380611219,0.8558186076129669,204902,3,1,1890,0.19213363528251648,M-2022-10,outputs/collapse_active_replay_tls22_M-2022-10_all_r5_tr2,-0.03270239404912212,0.08293696815173768,-0.053167695616298194
active_head_ft,absorber_margin,1000,all,5,2,890,35,1000,0.7690910595521718,0.6633591310121445,0.4662363934110394,0.3681447041737947,31143,0.9037295878029497,0.8495398021053692,204902,3,1,2890,0.19846628606319427,M-2022-10,outputs/collapse_active_replay_tls22_M-2022-10_all_r5_tr2,-0.02024600346344485,0.11001847610039084,-0.059446501123895934
static,,0,all,5,2,890,0,0,0.7519431632771048,0.6286470835004149,0.006916489789943643,0.027576567124341363,27326,0.9412229836584081,0.9027706369575663,144172,12,8,,,M-2022-12,outputs/collapse_active_replay_tls22_M-2022-12_all_r5_tr2,0.0,0.0,0.0
active_head_ft,random,200,all,5,2,890,2,21,0.7343286762911031,0.6042918396831006,0.19479616482470907,0.11633276100391454,27326,0.9205671004078462,0.8494596941829652,144172,8,4,1290,0.16552788019180298,M-2022-12,outputs/collapse_active_replay_tls22_M-2022-12_all_r5_tr2,-0.024355243817314243,0.08875619387957318,-0.05331094277460113
active_head_ft,random,500,all,5,2,890,9,41,0.7663057565999536,0.6305428700450889,0.3405181878064847,0.1550313871753071,27326,0.9302915961490442,0.8615116637363043,144172,8,3,1890,0.1663004606962204,M-2022-12,outputs/collapse_active_replay_tls22_M-2022-12_all_r5_tr2,0.0018957865446740385,0.12745482005096573,-0.04125897322126204
active_head_ft,random,1000,all,5,2,890,19,87,0.7833360665463045,0.6434998515208891,0.5333382126912098,0.21398316137887377,27326,0.9303540215853286,0.8709543875202652,144172,7,3,2890,0.1635056585073471,M-2022-12,outputs/collapse_active_replay_tls22_M-2022-12_all_r5_tr2,0.014852768020474194,0.1864065942545324,-0.0318162494373011
active_head_ft,margin,200,all,5,2,890,10,36,0.7492920726495566,0.6167775172758355,0.3302715362658274,0.12492895679870436,27326,0.9218502899314708,0.8527133718163243,144172,8,4,1290,0.19158145785331726,M-2022-12,outputs/collapse_active_replay_tls22_M-2022-12_all_r5_tr2,-0.011869566224579353,0.097352389674363,-0.05005726514124198
active_head_ft,margin,500,all,5,2,890,20,82,0.7717537931831905,0.6372518301458762,0.36426846227036525,0.16708895639832744,27326,0.9402380489970313,0.8750938207738731,144172,5,5,1890,0.18453998863697052,M-2022-12,outputs/collapse_active_replay_tls22_M-2022-12_all_r5_tr2,0.008604746645461292,0.13951238927398607,-0.02767681618369322
active_head_ft,margin,1000,all,5,2,890,39,155,0.7914729801115302,0.6603899155742335,0.476322915904267,0.242597992173782,27326,0.9312973392891823,0.8744742732668265,144172,4,3,2890,0.18442761898040771,M-2022-12,outputs/collapse_active_replay_tls22_M-2022-12_all_r5_tr2,0.03174283207381867,0.21502142504944063,-0.028296363690739845
active_head_ft,absorber_random,200,all,5,2,890,18,200,0.6954253572133017,0.5970230696451337,0.36379272487740616,0.184469788049592,27326,0.9217393113780762,0.8380814980232021,144172,5,4,1290,0.177294060587883,M-2022-12,outputs/collapse_active_replay_tls22_M-2022-12_all_r5_tr2,-0.03162401385528113,0.15689322092525063,-0.06468913893436423
active_head_ft,absorber_random,500,all,5,2,890,37,500,0.7007562560977729,0.6077694805861905,0.5609675766669107,0.28137775117951164,27326,0.9168770635074772,0.8453537289441219,144172,4,2,1890,0.1801198124885559,M-2022-12,outputs/collapse_active_replay_tls22_M-2022-12_all_r5_tr2,-0.020877602914224358,0.25380118405517027,-0.057416908013444456
active_head_ft,absorber_random,1000,all,5,2,890,76,1000,0.7307457741630511,0.6174603351926503,0.5812413086437824,0.29779276139611394,27326,0.9104611158893544,0.8513240436420197,144172,3,2,2890,0.17961828410625458,M-2022-12,outputs/collapse_active_replay_tls22_M-2022-12_all_r5_tr2,-0.01118674830776456,0.27021619427177257,-0.051446593315546574
active_head_ft,absorber_margin,200,all,5,2,890,13,200,0.7173293511553933,0.607924753248944,0.3109858742589475,0.17065222107866226,27326,0.9238479038925728,0.8563216682910655,144172,5,5,1290,0.20104551315307617,M-2022-12,outputs/collapse_active_replay_tls22_M-2022-12_all_r5_tr2,-0.020722330251470855,0.1430756539543209,-0.046448968666500834
active_head_ft,absorber_margin,500,all,5,2,890,37,500,0.7327325806795347,0.6237898757128477,0.4834223816145795,0.26000709897901847,27326,0.9183059123824321,0.8626509051139625,144172,3,2,1890,0.1994195431470871,M-2022-12,outputs/collapse_active_replay_tls22_M-2022-12_all_r5_tr2,-0.004857207787567153,0.2324305318546771,-0.040119731843603845
active_head_ft,absorber_margin,1000,all,5,2,890,76,1000,0.7601639625491884,0.6398577423596012,0.5896216057966771,0.34999811048463075,27326,0.9099270316011431,0.8559294679360928,144172,3,2,2890,0.19974380731582642,M-2022-12,outputs/collapse_active_replay_tls22_M-2022-12_all_r5_tr2,0.011210658859186373,0.3224215433602894,-0.046841169021473505
